Workbook
Name Check2: Check[[#All],[סימון2]:[סטטוס גמר ]]
Name PHL: 'מטריצת סטטוס עם מעליות'!$Y$11:$AA$18,'מטריצת סטטוס עם מעליות'!$AY$11:$BG$18
Name PHR: 'מטריצת סטטוס עם מעליות'!$H$11:$O$18,'מטריצת סטטוס עם מעליות'!$AO$11:$AP$18
Name Sold: Table1[]
Name Sold: Table1[]
Name Sold1: Table1[]
Name Tower: Table4[#All]
Name Tower: Table4[#All]

Sheet מטריצת סטטוס עם מעליות
A1: פרויקט סמל דרום DUO TLV | BP1: עמודה1
A2: סטטוס דירות מכורות - 14/04/2025 | BP2: עמודה1
BP3: כותרות
L4: מגדל דרומי (2) | AO4: מגדל צפוני (1) | BP4: כותרות
B5: TS | C5: TS | D5: TS | E5: TS | F5: TS | G5: TS | H5: TS | J5: TS | K5: TS | L5: TS | M5: TS | N5: TS | O5: TS | P5: TS | Q5: TS | R5: TS | S5: TS | T5: TS | U5: TS | V5: TS | W5: TS | X5: TS | Y5: TS | Z5: TS | AA5: TS | AB5: TS | AC5: TS | AD5: TS | AE5: TS | AF5: TS | AG5: TS | AI5: TN | AJ5: TN | AK5: TN | AL5: TN | AM5: TN | AN5: TN | AO5: TN | AP5: TN | AQ5: TN | AR5: TN | AS5: TN | AT5: TN | AU5: TN | AV5: TN | AW5: TN | AX5: TN | AY5: TN | BA5: TN | BB5: TN | BC5: TN | BD5: TN | BE5: TN | BF5: TN | BG5: TN | BH5: TN | BI5: TN | BJ5: TN | BK5: TN | BL5: TN | BM5: TN | BP5: כותרות
AH6: מקרא | BP6: כותרות
A7: דירה בקומה | B7: =_xlfn.CONCAT("קומה ",B8) -> קומה 50 | C7: דירה | D7: H-S | E7: G-S | F7: F-S | G7: E-S | H7: 337 | AO7: 331 | BH7: E-N | BI7: F-N | BJ7: G-N | BK7: H-N | BL7: דירה | BM7: =_xlfn.CONCAT("קומה ",BM8) -> קומה 50 | BN7: דירה בקומה | BP7: דירה
B8: =B12+1 -> 50 | C8: סטטוס | H8: =VLOOKUP("*"&H$5&".Ap."&H7,Check[],1,FALSE) -> O.PH5.TS.Ap.337 | I8: =H8 -> O.PH5.TS.Ap.337 | J8: =I8 -> O.PH5.TS.Ap.337 | K8: =J8 -> O.PH5.TS.Ap.337 | L8: =K8 -> O.PH5.TS.Ap.337 | M8: =L8 -> O.PH5.TS.Ap.337 | N8: =M8 -> O.PH5.TS.Ap.337 | O8: =N8 -> O.PH5.TS.Ap.337 | P8: =O8 -> O.PH5.TS.Ap.337 | ... V8: =U8 -> O.PH5.TS.Ap.337 | W8: =U8 -> O.PH5.TS.Ap.337 | X8: =V8 -> O.PH5.TS.Ap.337 | Y8: =X8 -> O.PH5.TS.Ap.337 | Z8: =X8 -> O.PH5.TS.Ap.337 | AA8: =Y8 -> O.PH5.TS.Ap.337 | AE8: S.2.1 | AF8: S.3.1 | AG8: S.4.1 | AH8: P.4.1 | AI8: S.5.1 | AJ8: P.5.1 | AK8: PH.1 | AO8: =VLOOKUP("*"&AO$5&".Ap."&AO7,Check[],1,FALSE) -> S.PH5.TN.Ap.331 | AP8: =AO8 -> S.PH5.TN.Ap.331 | AQ8: =AP8 -> S.PH5.TN.Ap.331 | AR8: =AQ8 -> S.PH5.TN.Ap.331 | AS8: =AR8 -> S.PH5.TN.Ap.331 | AT8: =AS8 -> S.PH5.TN.Ap.331 | AU8: =AT8 -> S.PH5.TN.Ap.331 | AV8: =AU8 -> S.PH5.TN.Ap.331 | AW8: =AV8 -> S.PH5.TN.Ap.331 | ... BG8: =BF8 -> S.PH5.TN.Ap.331 | BL8: סטטוס | BM8: =BM12+1 -> 50 | BP8: סטטוס
C9: # צל | H9: =VLOOKUP(H8,Check[],5,FALSE) -> 337 | AE9: 2 חד' | AF9: 3 חד' | AG9: 4 חד' | AH9: 4 חד' | AI9: 5 חד' | AJ9: 5 חד' | AK9: פנטהאוס | AO9: =VLOOKUP(AO8,Check[],5,FALSE) -> 331 | BL9: # צל | BP9: צל
B10: =B14+4 -> 183.48 | C10: טיפוס | H10: =VLOOKUP(H8,Check[],6,FALSE) -> 5001 | AE10: סטנדרט | AF10: סטנדרט | AG10: סטנדרט | AH10: פרימיום | AI10: סטנדרט | AJ10: פרימיום | AO10: =VLOOKUP(AO8,Check[],6,FALSE) -> 5001 | BL10: טיפוס | BM10: =BM14+4 -> 183.48 | BP10: טיפוס
A11: 2 דירות בקומה | B11: =_xlfn.CONCAT("קומה ",B12) -> קומה 49 | C11: דירה | D11: אלונקה | E11: כבאים | H11: 336 | P11: 335 | Y11: 336 | AE11: בעלים | AF11: בעלים | AG11: בעלים | AH11: בעלים | AI11: בעלים | AJ11: בעלים | AK11: בעלים | AO11: 330 | AQ11: 329 | AY11: 330 | BJ11: כבאים | BK11: אלונקה | BL11: דירה | BM11: =_xlfn.CONCAT("קומה ",BM12) -> קומה 49 | BN11: 2 דירות בקומה | BP11: דירה
B12: =B16+1 -> 49 | C12: סטטוס | H12: =VLOOKUP("*"&H$5&".Ap."&H11,Check[],1,FALSE) -> O.PH4.TS.Ap.336 | J12: =H12 -> O.PH4.TS.Ap.336 | K12: =J12 -> O.PH4.TS.Ap.336 | L12: =K12 -> O.PH4.TS.Ap.336 | M12: =L12 -> O.PH4.TS.Ap.336 | N12: =M12 -> O.PH4.TS.Ap.336 | O12: =N12 -> O.PH4.TS.Ap.336 | P12: =VLOOKUP("*"&P$5&".Ap."&P11,Check[],1,FALSE) -> O.PH3.TS.Ap.335 | Q12: =P12 -> O.PH3.TS.Ap.335 | R12: =Q12 -> O.PH3.TS.Ap.335 | S12: =R12 -> O.PH3.TS.Ap.335 | T12: =S12 -> O.PH3.TS.Ap.335 | U12: =T12 -> O.PH3.TS.Ap.335 | V12: =U12 -> O.PH3.TS.Ap.335 | W12: =U12 -> O.PH3.TS.Ap.335 | X12: =V12 -> O.PH3.TS.Ap.335 | Y12: =VLOOKUP("*"&Y$5&".Ap."&Y11,Check[],1,FALSE) -> O.PH4.TS.Ap.336 | Z12: =X12 -> O.PH3.TS.Ap.335 | AA12: =Y12 -> O.PH4.TS.Ap.336 | AE12: o.s.2 | AF12: o.s.3 | AG12: o.s.4 | AH12: o.p.4 | AI12: o.s.5 | AJ12: o.p.5 | AK12: o.ph | AO12: =VLOOKUP("*"&AO$5&".Ap."&AO11,Check[],1,FALSE) -> V.GM.PH4.TN.Ap.330 | AP12: =AO12 -> V.GM.PH4.TN.Ap.330 | AQ12: =VLOOKUP("*"&AQ$5&".Ap."&AQ11,Check[],1,FALSE) -> V.GM.PH3.TN.Ap.329 | AR12: =AQ12 -> V.GM.PH3.TN.Ap.329 | AS12: =AR12 -> V.GM.PH3.TN.Ap.329 | AT12: =AS12 -> V.GM.PH3.TN.Ap.329 | AU12: =AT12 -> V.GM.PH3.TN.Ap.329 | AV12: =AU12 -> V.GM.PH3.TN.Ap.329 | AW12: =AV12 -> V.GM.PH3.TN.Ap.329 | AX12: =AW12 -> V.GM.PH3.TN.Ap.329 | AY12: =VLOOKUP("*"&AY$5&".Ap."&AY11,Check[],1,FALSE) -> V.GM.PH4.TN.Ap.330 | BA12: =AY12 -> V.GM.PH4.TN.Ap.330 | BB12: =BA12 -> V.GM.PH4.TN.Ap.330 | BC12: =BB12 -> V.GM.PH4.TN.Ap.330 | BD12: =BC12 -> V.GM.PH4.TN.Ap.330 | BE12: =BD12 -> V.GM.PH4.TN.Ap.330 | BF12: =BE12 -> V.GM.PH4.TN.Ap.330 | BL12: סטטוס | BM12: =BM16+1 -> 49 | BP12: סטטוס
C13: # צל | H13: =VLOOKUP(H12,Check[],5,FALSE) -> 336 | P13: =VLOOKUP(P12,Check[],5,FALSE) -> 335 | Y13: =VLOOKUP(Y12,Check[],5,FALSE) -> 336 | AE13: מכורה | AF13: מכורה | AG13: מכורה | AH13: מכורה | AI13: מכורה | AJ13: מכורה | AK13: מכורה | AO13: =VLOOKUP(AO12,Check[],5,FALSE) -> 330 | AQ13: =VLOOKUP(AQ12,Check[],5,FALSE) -> 329 | AY13: =VLOOKUP(AY12,Check[],5,FALSE) -> 330 | BL13: # צל | BP13: צל
B14: =B18+4 -> 179.48 | C14: טיפוס | H14: =VLOOKUP(H12,Check[],6,FALSE) -> 4901 | P14: =VLOOKUP(P12,Check[],6,FALSE) -> 4902 | Y14: =VLOOKUP(Y12,Check[],6,FALSE) -> 4901 | AO14: =VLOOKUP(AO12,Check[],6,FALSE) -> 4901 | AQ14: =VLOOKUP(AQ12,Check[],6,FALSE) -> 4902 | AY14: =VLOOKUP(AY12,Check[],6,FALSE) -> 4901 | BL14: טיפוס | BM14: =BM18+4 -> 179.48 | BP14: טיפוס
B15: =_xlfn.CONCAT("קומה ",B16) -> קומה 48 | C15: דירה | H15: 334 | P15: 333 | Y15: 334 | AE15: פנויה | AF15: פנויה | AG15: פנויה | AH15: פנויה | AI15: פנויה | AJ15: פנויה | AK15: פנויה | AO15: 328 | AQ15: 327 | AY15: 328 | BL15: דירה | BM15: =_xlfn.CONCAT("קומה ",BM16) -> קומה 48 | BP15: דירה
B16: =B20+1 -> 48 | C16: סטטוס | H16: =VLOOKUP("*"&H$5&".Ap."&H15,Check[],1,FALSE) -> V.GM.PH2.TS.Ap.334 | J16: =H16 -> V.GM.PH2.TS.Ap.334 | K16: =J16 -> V.GM.PH2.TS.Ap.334 | L16: =K16 -> V.GM.PH2.TS.Ap.334 | M16: =L16 -> V.GM.PH2.TS.Ap.334 | N16: =M16 -> V.GM.PH2.TS.Ap.334 | O16: =N16 -> V.GM.PH2.TS.Ap.334 | P16: =VLOOKUP("*"&P$5&".Ap."&P15,Check[],1,FALSE) -> V.GM.PH1.TS.Ap.333 | Q16: =P16 -> V.GM.PH1.TS.Ap.333 | R16: =Q16 -> V.GM.PH1.TS.Ap.333 | S16: =R16 -> V.GM.PH1.TS.Ap.333 | T16: =S16 -> V.GM.PH1.TS.Ap.333 | U16: =T16 -> V.GM.PH1.TS.Ap.333 | V16: =U16 -> V.GM.PH1.TS.Ap.333 | W16: =U16 -> V.GM.PH1.TS.Ap.333 | X16: =V16 -> V.GM.PH1.TS.Ap.333 | Y16: =VLOOKUP("*"&Y$5&".Ap."&Y15,Check[],1,FALSE) -> V.GM.PH2.TS.Ap.334 | Z16: =X16 -> V.GM.PH1.TS.Ap.333 | AA16: =Y16 -> V.GM.PH2.TS.Ap.334 | AE16: v.s.2 | AF16: v.s.3 | AG16: v.s.4 | AH16: v.p.4 | AI16: v.s.5 | AJ16: v.p.5 | AK16: v.ph | AO16: =VLOOKUP("*"&AO$5&".Ap."&AO15,Check[],1,FALSE) -> V.GM.PH2.TN.Ap.328 | AP16: =AO16 -> V.GM.PH2.TN.Ap.328 | AQ16: =VLOOKUP("*"&AQ$5&".Ap."&AQ15,Check[],1,FALSE) -> V.GM.PH1.TN.Ap.327 | AR16: =AQ16 -> V.GM.PH1.TN.Ap.327 | AS16: =AR16 -> V.GM.PH1.TN.Ap.327 | AT16: =AS16 -> V.GM.PH1.TN.Ap.327 | AU16: =AT16 -> V.GM.PH1.TN.Ap.327 | AV16: =AU16 -> V.GM.PH1.TN.Ap.327 | AW16: =AV16 -> V.GM.PH1.TN.Ap.327 | AX16: =AW16 -> V.GM.PH1.TN.Ap.327 | AY16: =VLOOKUP("*"&AY$5&".Ap."&AY15,Check[],1,FALSE) -> V.GM.PH2.TN.Ap.328 | BA16: =AY16 -> V.GM.PH2.TN.Ap.328 | BB16: =BA16 -> V.GM.PH2.TN.Ap.328 | BC16: =BB16 -> V.GM.PH2.TN.Ap.328 | BD16: =BC16 -> V.GM.PH2.TN.Ap.328 | BE16: =BD16 -> V.GM.PH2.TN.Ap.328 | BF16: =BE16 -> V.GM.PH2.TN.Ap.328 | BL16: סטטוס | BM16: =BM20+1 -> 48 | BP16: סטטוס
C17: # צל | H17: =VLOOKUP(H16,Check[],5,FALSE) -> 334 | P17: =VLOOKUP(P16,Check[],5,FALSE) -> 333 | Y17: =VLOOKUP(Y16,Check[],5,FALSE) -> 334 | AO17: =VLOOKUP(AO16,Check[],5,FALSE) -> 328 | AQ17: =VLOOKUP(AQ16,Check[],5,FALSE) -> 327 | AY17: =VLOOKUP(AY16,Check[],5,FALSE) -> 328 | BL17: # צל | BP17: צל
B18: =B22+3.84 -> 175.48 | C18: טיפוס | H18: =VLOOKUP(H16,Check[],6,FALSE) -> 4801 | P18: =VLOOKUP(P16,Check[],6,FALSE) -> 4802 | Y18: =VLOOKUP(Y16,Check[],6,FALSE) -> 4801 | AO18: =VLOOKUP(AO16,Check[],6,FALSE) -> 4801 | AQ18: =VLOOKUP(AQ16,Check[],6,FALSE) -> 4802 | AY18: =VLOOKUP(AY16,Check[],6,FALSE) -> 4801 | BL18: טיפוס | BM18: =BM22+3.84 -> 175.48 | BP18: טיפוס
A19: 5 דירות בקומה | B19: =_xlfn.CONCAT("קומה ",B20) -> קומה 47 | C19: דירה | H19: =H23+5 -> 328 | O19: =O23+5 -> 329 | R19: =R23+5 -> 330 | V19: =V23+5 -> 331 | Y19: =Y23+5 -> 332 | AO19: =AO23+5 -> 326 | AQ19: =AQ23+5 -> 325 | AS19: =AS23+5 -> 324 | AW19: =AW23+5 -> 323 | BA19: =BA23+5 -> 322 | BL19: דירה | BM19: =_xlfn.CONCAT("קומה ",BM20) -> קומה 47 | BN19: 5 דירות בקומה | BP19: דירה
B20: =B24+1 -> 47 | C20: סטטוס | H20: =VLOOKUP("*"&H$5&".Ap."&H19,Check[],1,FALSE) -> O.P.4D.TS.Ap.328 | I20: =H20 -> O.P.4D.TS.Ap.328 | J20: =I20 -> O.P.4D.TS.Ap.328 | K20: =J20 -> O.P.4D.TS.Ap.328 | L20: =K20 -> O.P.4D.TS.Ap.328 | M20: =L20 -> O.P.4D.TS.Ap.328 | N20: =M20 -> O.P.4D.TS.Ap.328 | O20: =VLOOKUP("*"&O$5&".Ap."&O19,Check[],1,FALSE) -> O.P.4E.TS.Ap.329 | P20: =O20 -> O.P.4E.TS.Ap.329 | Q20: =P20 -> O.P.4E.TS.Ap.329 | R20: =VLOOKUP("*"&R$5&".Ap."&R19,Check[],1,FALSE) -> O.P.4F.TS.Ap.330 | S20: =R20 -> O.P.4F.TS.Ap.330 | T20: =S20 -> O.P.4F.TS.Ap.330 | U20: =T20 -> O.P.4F.TS.Ap.330 | V20: =VLOOKUP("*"&V$5&".Ap."&V19,Check[],1,FALSE) -> O.P.5AP.TS.Ap.331 | W20: =V20 -> O.P.5AP.TS.Ap.331 | X20: =V20 -> O.P.5AP.TS.Ap.331 | Y20: =VLOOKUP("*"&Y$5&".Ap."&Y19,Check[],1,FALSE) -> V.GMC.P.5BP.TS.Ap.332 | Z20: =Y20 -> V.GMC.P.5BP.TS.Ap.332 | AA20: =Y20 -> V.GMC.P.5BP.TS.Ap.332 | AO20: =VLOOKUP("*"&AO$5&".Ap."&AO19,Check[],1,FALSE) -> O.P.5BP.TN.Ap.326 | AP20: =AO20 -> O.P.5BP.TN.Ap.326 | AQ20: =VLOOKUP("*"&AQ$5&".Ap."&AQ19,Check[],1,FALSE) -> O.P.5AP.TN.Ap.325 | AR20: =AQ20 -> O.P.5AP.TN.Ap.325 | AS20: =VLOOKUP("*"&AS$5&".Ap."&AS19,Check[],1,FALSE) -> S.P.4F.TN.Ap.324 | AT20: =AS20 -> S.P.4F.TN.Ap.324 | AU20: =AT20 -> S.P.4F.TN.Ap.324 | AV20: =AU20 -> S.P.4F.TN.Ap.324 | AW20: =VLOOKUP("*"&AW$5&".Ap."&AW19,Check[],1,FALSE) -> O.P.4E.TN.Ap.323 | AX20: =AW20 -> O.P.4E.TN.Ap.323 | AY20: =AX20 -> O.P.4E.TN.Ap.323 | AZ20: =AY20 -> O.P.4E.TN.Ap.323 | BA20: =VLOOKUP("*"&BA$5&".Ap."&BA19,Check[],1,FALSE) -> V.GMS.P.4D.TN.Ap.322 | BB20: =BA20 -> V.GMS.P.4D.TN.Ap.322 | BC20: =BB20 -> V.GMS.P.4D.TN.Ap.322 | BD20: =BC20 -> V.GMS.P.4D.TN.Ap.322 | BE20: =BD20 -> V.GMS.P.4D.TN.Ap.322 | BF20: =BE20 -> V.GMS.P.4D.TN.Ap.322 | BG20: =BF20 -> V.GMS.P.4D.TN.Ap.322 | BL20: סטטוס | BM20: =BM24+1 -> 47 | BP20: סטטוס
C21: # צל | H21: =VLOOKUP(H20,Check[],5,FALSE) -> 328 | O21: =VLOOKUP(O20,Check[],5,FALSE) -> 329 | R21: =VLOOKUP(R20,Check[],5,FALSE) -> 330 | V21: =VLOOKUP(V20,Check[],5,FALSE) -> 331 | Y21: =VLOOKUP(Y20,Check[],5,FALSE) -> 332 | AN21: קוד | AO21: =VLOOKUP(AO20,Check[],5,FALSE) -> 326 | AQ21: =VLOOKUP(AQ20,Check[],5,FALSE) -> 325 | AS21: =VLOOKUP(AS20,Check[],5,FALSE) -> 324 | AW21: =VLOOKUP(AW20,Check[],5,FALSE) -> 323 | BA21: =VLOOKUP(BA20,Check[],5,FALSE) -> 322 | BL21: # צל | BP21: צל
B22: =B26+3.6 -> 171.64 | C22: טיפוס | H22: =VLOOKUP(H20,Check[],6,FALSE) -> 4701 | O22: =VLOOKUP(O20,Check[],6,FALSE) -> 4702 | R22: =VLOOKUP(R20,Check[],6,FALSE) -> 4703 | V22: =VLOOKUP(V20,Check[],6,FALSE) -> 4704 | Y22: =VLOOKUP(Y20,Check[],6,FALSE) -> 4705 | AN22: 121 | AO22: =VLOOKUP(AO20,Check[],6,FALSE) -> 4702 | AQ22: =VLOOKUP(AQ20,Check[],6,FALSE) -> 4703 | AS22: =VLOOKUP(AS20,Check[],6,FALSE) -> 4704 | AW22: =VLOOKUP(AW20,Check[],6,FALSE) -> 4705 | BA22: =VLOOKUP(BA20,Check[],6,FALSE) -> 4701 | BL22: טיפוס | BM22: =BM26+3.6 -> 171.64 | BP22: טיפוס
B23: =_xlfn.CONCAT("קומה ",B24) -> קומה 46 | C23: דירה | H23: =H27+5 -> 323 | O23: =O27+5 -> 324 | R23: =R27+5 -> 325 | V23: =V27+5 -> 326 | Y23: =Y27+5 -> 327 | AC23: מגדל דרומי | AH23: כל הפרויקט | AI23: מגדל צפוני | AN23: 122 | AO23: =AO27+5 -> 321 | AQ23: =AQ27+5 -> 320 | AS23: =AS27+5 -> 319 | AW23: =AW27+5 -> 318 | BA23: =BA27+5 -> 317 | BL23: דירה | BM23: =_xlfn.CONCAT("קומה ",BM24) -> קומה 46 | BP23: דירה
B24: =B28+1 -> 46 | C24: סטטוס | H24: =VLOOKUP("*"&H$5&".Ap."&H23,Check[],1,FALSE) -> O.P.4D.TS.Ap.323 | I24: =H24 -> O.P.4D.TS.Ap.323 | J24: =I24 -> O.P.4D.TS.Ap.323 | K24: =J24 -> O.P.4D.TS.Ap.323 | L24: =K24 -> O.P.4D.TS.Ap.323 | M24: =L24 -> O.P.4D.TS.Ap.323 | N24: =M24 -> O.P.4D.TS.Ap.323 | O24: =VLOOKUP("*"&O$5&".Ap."&O23,Check[],1,FALSE) -> O.P.4E.TS.Ap.324 | P24: =O24 -> O.P.4E.TS.Ap.324 | Q24: =P24 -> O.P.4E.TS.Ap.324 | R24: =VLOOKUP("*"&R$5&".Ap."&R23,Check[],1,FALSE) -> O.P.4F.TS.Ap.325 | S24: =R24 -> O.P.4F.TS.Ap.325 | T24: =S24 -> O.P.4F.TS.Ap.325 | U24: =T24 -> O.P.4F.TS.Ap.325 | V24: =VLOOKUP("*"&V$5&".Ap."&V23,Check[],1,FALSE) -> O.P.5AP.TS.Ap.326 | W24: =V24 -> O.P.5AP.TS.Ap.326 | X24: =V24 -> O.P.5AP.TS.Ap.326 | Y24: =VLOOKUP("*"&Y$5&".Ap."&Y23,Check[],1,FALSE) -> V.GMC.P.5BP.TS.Ap.327 | Z24: =Y24 -> V.GMC.P.5BP.TS.Ap.327 | AA24: =Y24 -> V.GMC.P.5BP.TS.Ap.327 | AO24: =VLOOKUP("*"&AO$5&".Ap."&AO23,Check[],1,FALSE) -> V.GMC.P.5BP.TN.Ap.321 | AP24: =AO24 -> V.GMC.P.5BP.TN.Ap.321 | AQ24: =VLOOKUP("*"&AQ$5&".Ap."&AQ23,Check[],1,FALSE) -> O.P.5AP.TN.Ap.320 | AR24: =AQ24 -> O.P.5AP.TN.Ap.320 | AS24: =VLOOKUP("*"&AS$5&".Ap."&AS23,Check[],1,FALSE) -> S.P.4F.TN.Ap.319 | AT24: =AS24 -> S.P.4F.TN.Ap.319 | AU24: =AT24 -> S.P.4F.TN.Ap.319 | AV24: =AU24 -> S.P.4F.TN.Ap.319 | AW24: =VLOOKUP("*"&AW$5&".Ap."&AW23,Check[],1,FALSE) -> O.P.4E.TN.Ap.318 | AX24: =AW24 -> O.P.4E.TN.Ap.318 | AY24: =AX24 -> O.P.4E.TN.Ap.318 | AZ24: =AY24 -> O.P.4E.TN.Ap.318 | BA24: =VLOOKUP("*"&BA$5&".Ap."&BA23,Check[],1,FALSE) -> V.DS.P.4D.TN.Ap.317 | BB24: =BA24 -> V.DS.P.4D.TN.Ap.317 | BC24: =BB24 -> V.DS.P.4D.TN.Ap.317 | BD24: =BC24 -> V.DS.P.4D.TN.Ap.317 | BE24: =BD24 -> V.DS.P.4D.TN.Ap.317 | BF24: =BE24 -> V.DS.P.4D.TN.Ap.317 | BG24: =BF24 -> V.DS.P.4D.TN.Ap.317 | BL24: סטטוס | BM24: =BM28+1 -> 46 | BP24: סטטוס
C25: # צל | H25: =VLOOKUP(H24,Check[],5,FALSE) -> 323 | O25: =VLOOKUP(O24,Check[],5,FALSE) -> 324 | R25: =VLOOKUP(R24,Check[],5,FALSE) -> 325 | V25: =VLOOKUP(V24,Check[],5,FALSE) -> 326 | Y25: =VLOOKUP(Y24,Check[],5,FALSE) -> 327 | AC25: טיפוס | AD25: פנויות | AE25: מכורות | AF25: בעלים | AG25: סה"כ | AI25: סה"כ | AJ25: בעלים | AK25: מכורות | AL25: פנויות | AM25: טיפוס | AN25: 123 | AO25: =VLOOKUP(AO24,Check[],5,FALSE) -> 321 | AQ25: =VLOOKUP(AQ24,Check[],5,FALSE) -> 320 | AS25: =VLOOKUP(AS24,Check[],5,FALSE) -> 319 | AW25: =VLOOKUP(AW24,Check[],5,FALSE) -> 318 | BA25: =VLOOKUP(BA24,Check[],5,FALSE) -> 317 | BL25: # צל | BP25: צל
B26: =B30+3.6 -> 168.04 | C26: טיפוס | H26: =VLOOKUP(H24,Check[],6,FALSE) -> 4601 | O26: =VLOOKUP(O24,Check[],6,FALSE) -> 4602 | R26: =VLOOKUP(R24,Check[],6,FALSE) -> 4603 | V26: =VLOOKUP(V24,Check[],6,FALSE) -> 4604 | Y26: =VLOOKUP(Y24,Check[],6,FALSE) -> 4605 | AN26: 124 | AO26: =VLOOKUP(AO24,Check[],6,FALSE) -> 4602 | AQ26: =VLOOKUP(AQ24,Check[],6,FALSE) -> 4603 | AS26: =VLOOKUP(AS24,Check[],6,FALSE) -> 4604 | AW26: =VLOOKUP(AW24,Check[],6,FALSE) -> 4605 | BA26: =VLOOKUP(BA24,Check[],6,FALSE) -> 4601 | BL26: טיפוס | BM26: =BM30+3.6 -> 168.04 | BP26: טיפוס
B27: =_xlfn.CONCAT("קומה ",B28) -> קומה 45 | C27: דירה | H27: =H31+5 -> 318 | O27: =O31+5 -> 319 | R27: =R31+5 -> 320 | V27: =V31+5 -> 321 | Y27: =Y31+5 -> 322 | AC27: 2A | AD27: =COUNTIF(Check[סימון],("V."&"*"&$AC27&"."&AD$5&"*")) -> 1 | AE27: =COUNTIF(Check[סימון],("S."&"*"&$AC27&"."&AE$5&"*")) -> 6 | AF27: =COUNTIF(Check[סימון],("O."&"*"&$AC27&"."&AF$5&"*")) -> 2 | AG27: =SUM(AD27:AF27) -> 9 | AH27: =SUM(AI27,AG27) -> 17 | AI27: =SUM(AJ27:AL27) -> 8 | AJ27: =COUNTIF(Check[סימון],("O."&"*"&$AC27&"."&AJ$5&"*")) -> 3 | AK27: =COUNTIF(Check[סימון],("S."&"*"&$AC27&"."&AK$5&"*")) -> 5 | AL27: =COUNTIF(Check[סימון],("V."&"*"&$AC27&"."&AL$5&"*")) -> 0 | AM27: 2A | AO27: =AO31+5 -> 316 | AQ27: =AQ31+5 -> 315 | AS27: =AS31+5 -> 314 | AW27: =AW31+5 -> 313 | BA27: =BA31+5 -> 312 | BL27: דירה | BM27: =_xlfn.CONCAT("קומה ",BM28) -> קומה 45 | BP27: דירה
B28: =B32+1 -> 45 | C28: סטטוס | H28: =VLOOKUP("*"&H$5&".Ap."&H27,Check[],1,FALSE) -> O.P.4D.TS.Ap.318 | I28: =H28 -> O.P.4D.TS.Ap.318 | J28: =I28 -> O.P.4D.TS.Ap.318 | K28: =J28 -> O.P.4D.TS.Ap.318 | L28: =K28 -> O.P.4D.TS.Ap.318 | M28: =L28 -> O.P.4D.TS.Ap.318 | N28: =M28 -> O.P.4D.TS.Ap.318 | O28: =VLOOKUP("*"&O$5&".Ap."&O27,Check[],1,FALSE) -> S.P.4E.TS.Ap.319 | P28: =O28 -> S.P.4E.TS.Ap.319 | Q28: =P28 -> S.P.4E.TS.Ap.319 | R28: =VLOOKUP("*"&R$5&".Ap."&R27,Check[],1,FALSE) -> O.P.4F.TS.Ap.320 | S28: =R28 -> O.P.4F.TS.Ap.320 | T28: =S28 -> O.P.4F.TS.Ap.320 | U28: =T28 -> O.P.4F.TS.Ap.320 | V28: =VLOOKUP("*"&V$5&".Ap."&V27,Check[],1,FALSE) -> O.P.5AP.TS.Ap.321 | W28: =V28 -> O.P.5AP.TS.Ap.321 | X28: =V28 -> O.P.5AP.TS.Ap.321 | Y28: =VLOOKUP("*"&Y$5&".Ap."&Y27,Check[],1,FALSE) -> V.GMC.P.5BP.TS.Ap.322 | Z28: =Y28 -> V.GMC.P.5BP.TS.Ap.322 | AA28: =Y28 -> V.GMC.P.5BP.TS.Ap.322 | AO28: =VLOOKUP("*"&AO$5&".Ap."&AO27,Check[],1,FALSE) -> V.GMC.P.5BP.TN.Ap.316 | AP28: =AO28 -> V.GMC.P.5BP.TN.Ap.316 | AQ28: =VLOOKUP("*"&AQ$5&".Ap."&AQ27,Check[],1,FALSE) -> O.P.5AP.TN.Ap.315 | AR28: =AQ28 -> O.P.5AP.TN.Ap.315 | AS28: =VLOOKUP("*"&AS$5&".Ap."&AS27,Check[],1,FALSE) -> S.P.4F.TN.Ap.314 | AT28: =AS28 -> S.P.4F.TN.Ap.314 | AU28: =AT28 -> S.P.4F.TN.Ap.314 | AV28: =AU28 -> S.P.4F.TN.Ap.314 | AW28: =VLOOKUP("*"&AW$5&".Ap."&AW27,Check[],1,FALSE) -> S.P.4E.TN.Ap.313 | AX28: =AW28 -> S.P.4E.TN.Ap.313 | AY28: =AX28 -> S.P.4E.TN.Ap.313 | AZ28: =AY28 -> S.P.4E.TN.Ap.313 | BA28: =VLOOKUP("*"&BA$5&".Ap."&BA27,Check[],1,FALSE) -> O.P.4D.TN.Ap.312 | BB28: =BA28 -> O.P.4D.TN.Ap.312 | BC28: =BB28 -> O.P.4D.TN.Ap.312 | BD28: =BC28 -> O.P.4D.TN.Ap.312 | BE28: =BD28 -> O.P.4D.TN.Ap.312 | BF28: =BE28 -> O.P.4D.TN.Ap.312 | BG28: =BF28 -> O.P.4D.TN.Ap.312 | BL28: סטטוס | BM28: =BM32+1 -> 45 | BP28: סטטוס
C29: # צל | H29: =VLOOKUP(H28,Check[],5,FALSE) -> 318 | O29: =VLOOKUP(O28,Check[],5,FALSE) -> 319 | R29: =VLOOKUP(R28,Check[],5,FALSE) -> 320 | V29: =VLOOKUP(V28,Check[],5,FALSE) -> 321 | Y29: =VLOOKUP(Y28,Check[],5,FALSE) -> 322 | AC29: 2B | AD29: =COUNTIF(Check[סימון],("V."&"*"&$AC29&"."&AD$5&"*")) -> 0 | AE29: =COUNTIF(Check[סימון],("S."&"*"&$AC29&"."&AE$5&"*")) -> 5 | AF29: =COUNTIF(Check[סימון],("O."&"*"&$AC29&"."&AF$5&"*")) -> 4 | AG29: =SUM(AD29:AF29) -> 9 | AH29: =SUM(AI29,AG29) -> 17 | AI29: =SUM(AJ29:AL29) -> 8 | AJ29: =COUNTIF(Check[סימון],("O."&"*"&$AC29&"."&AJ$5&"*")) -> 1 | AK29: =COUNTIF(Check[סימון],("S."&"*"&$AC29&"."&AK$5&"*")) -> 7 | AL29: =COUNTIF(Check[סימון],("V."&"*"&$AC29&"."&AL$5&"*")) -> 0 | AM29: 3E | AO29: =VLOOKUP(AO28,Check[],5,FALSE) -> 316 | AQ29: =VLOOKUP(AQ28,Check[],5,FALSE) -> 315 | AS29: =VLOOKUP(AS28,Check[],5,FALSE) -> 314 | AW29: =VLOOKUP(AW28,Check[],5,FALSE) -> 313 | BA29: =VLOOKUP(BA28,Check[],5,FALSE) -> 312 | BL29: # צל | BP29: צל
B30: =B34+3.6 -> 164.44 | C30: טיפוס | H30: =VLOOKUP(H28,Check[],6,FALSE) -> 4501 | O30: =VLOOKUP(O28,Check[],6,FALSE) -> 4502 | R30: =VLOOKUP(R28,Check[],6,FALSE) -> 4503 | V30: =VLOOKUP(V28,Check[],6,FALSE) -> 4504 | Y30: =VLOOKUP(Y28,Check[],6,FALSE) -> 4505 | AO30: =VLOOKUP(AO28,Check[],6,FALSE) -> 4502 | AQ30: =VLOOKUP(AQ28,Check[],6,FALSE) -> 4503 | AS30: =VLOOKUP(AS28,Check[],6,FALSE) -> 4504 | AW30: =VLOOKUP(AW28,Check[],6,FALSE) -> 4505 | BA30: =VLOOKUP(BA28,Check[],6,FALSE) -> 4501 | BL30: טיפוס | BM30: =BM34+3.6 -> 164.44 | BP30: טיפוס
B31: =_xlfn.CONCAT("קומה ",B32) -> קומה 44 | C31: דירה | H31: =H35+5 -> 313 | O31: =O35+5 -> 314 | R31: =R35+5 -> 315 | V31: =V35+5 -> 316 | Y31: =Y35+5 -> 317 | AC31: 2C | AD31: =COUNTIF(Check[סימון],("V."&"*"&$AC31&"."&AD$5&"*")) -> 0 | AE31: =COUNTIF(Check[סימון],("S."&"*"&$AC31&"."&AE$5&"*")) -> 5 | AF31: =COUNTIF(Check[סימון],("O."&"*"&$AC31&"."&AF$5&"*")) -> 5 | AG31: =SUM(AD31:AF31) -> 10 | AH31: =SUM(AI31,AG31) -> 18 | AI31: =SUM(AJ31:AL31) -> 8 | AJ31: =COUNTIF(Check[סימון],("O."&"*"&$AC31&"."&AJ$5&"*")) -> 2 | AK31: =COUNTIF(Check[סימון],("S."&"*"&$AC31&"."&AK$5&"*")) -> 6 | AL31: =COUNTIF(Check[סימון],("V."&"*"&$AC31&"."&AL$5&"*")) -> 0 | AM31: 2C | AO31: =AO35+5 -> 311 | AQ31: =AQ35+5 -> 310 | AS31: =AS35+5 -> 309 | AW31: =AW35+5 -> 308 | BA31: =BA35+5 -> 307 | BL31: דירה | BM31: =_xlfn.CONCAT("קומה ",BM32) -> קומה 44 | BP31: דירה
B32: =B36+1 -> 44 | C32: סטטוס | H32: =VLOOKUP("*"&H$5&".Ap."&H31,Check[],1,FALSE) -> S.P.4D.TS.Ap.313 | I32: =H32 -> S.P.4D.TS.Ap.313 | J32: =I32 -> S.P.4D.TS.Ap.313 | K32: =J32 -> S.P.4D.TS.Ap.313 | L32: =K32 -> S.P.4D.TS.Ap.313 | M32: =L32 -> S.P.4D.TS.Ap.313 | N32: =M32 -> S.P.4D.TS.Ap.313 | O32: =VLOOKUP("*"&O$5&".Ap."&O31,Check[],1,FALSE) -> S.P.4E.TS.Ap.314 | P32: =O32 -> S.P.4E.TS.Ap.314 | Q32: =P32 -> S.P.4E.TS.Ap.314 | R32: =VLOOKUP("*"&R$5&".Ap."&R31,Check[],1,FALSE) -> O.P.4F.TS.Ap.315 | S32: =R32 -> O.P.4F.TS.Ap.315 | T32: =S32 -> O.P.4F.TS.Ap.315 | U32: =T32 -> O.P.4F.TS.Ap.315 | V32: =VLOOKUP("*"&V$5&".Ap."&V31,Check[],1,FALSE) -> O.P.5AP.TS.Ap.316 | W32: =V32 -> O.P.5AP.TS.Ap.316 | X32: =V32 -> O.P.5AP.TS.Ap.316 | Y32: =VLOOKUP("*"&Y$5&".Ap."&Y31,Check[],1,FALSE) -> O.P.5BP.TS.Ap.317 | Z32: =Y32 -> O.P.5BP.TS.Ap.317 | AA32: =Y32 -> O.P.5BP.TS.Ap.317 | AO32: =VLOOKUP("*"&AO$5&".Ap."&AO31,Check[],1,FALSE) -> V.GMC.P.5BP.TN.Ap.311 | AP32: =AO32 -> V.GMC.P.5BP.TN.Ap.311 | AQ32: =VLOOKUP("*"&AQ$5&".Ap."&AQ31,Check[],1,FALSE) -> O.P.5AP.TN.Ap.310 | AR32: =AQ32 -> O.P.5AP.TN.Ap.310 | AS32: =VLOOKUP("*"&AS$5&".Ap."&AS31,Check[],1,FALSE) -> S.P.4F.TN.Ap.309 | AT32: =AS32 -> S.P.4F.TN.Ap.309 | AU32: =AT32 -> S.P.4F.TN.Ap.309 | AV32: =AU32 -> S.P.4F.TN.Ap.309 | AW32: =VLOOKUP("*"&AW$5&".Ap."&AW31,Check[],1,FALSE) -> S.P.4E.TN.Ap.308 | AX32: =AW32 -> S.P.4E.TN.Ap.308 | AY32: =AX32 -> S.P.4E.TN.Ap.308 | AZ32: =AY32 -> S.P.4E.TN.Ap.308 | BA32: =VLOOKUP("*"&BA$5&".Ap."&BA31,Check[],1,FALSE) -> O.P.4D.TN.Ap.307 | BB32: =BA32 -> O.P.4D.TN.Ap.307 | BC32: =BB32 -> O.P.4D.TN.Ap.307 | BD32: =BC32 -> O.P.4D.TN.Ap.307 | BE32: =BD32 -> O.P.4D.TN.Ap.307 | BF32: =BE32 -> O.P.4D.TN.Ap.307 | BG32: =BF32 -> O.P.4D.TN.Ap.307 | BL32: סטטוס | BM32: =BM36+1 -> 44 | BP32: סטטוס
C33: # צל | H33: =VLOOKUP(H32,Check[],5,FALSE) -> 313 | O33: =VLOOKUP(O32,Check[],5,FALSE) -> 314 | R33: =VLOOKUP(R32,Check[],5,FALSE) -> 315 | V33: =VLOOKUP(V32,Check[],5,FALSE) -> 316 | Y33: =VLOOKUP(Y32,Check[],5,FALSE) -> 317 | AC33: 2D | AD33: =COUNTIF(Check[סימון],("V."&"*"&$AC33&"."&AD$5&"*")) -> 1 | AE33: =COUNTIF(Check[סימון],("S."&"*"&$AC33&"."&AE$5&"*")) -> 14 | AF33: =COUNTIF(Check[סימון],("O."&"*"&$AC33&"."&AF$5&"*")) -> 6 | AG33: =SUM(AD33:AF33) -> 21 | AH33: =SUM(AI33,AG33) -> 42 | AI33: =SUM(AJ33:AL33) -> 21 | AJ33: =COUNTIF(Check[סימון],("O."&"*"&$AC33&"."&AJ$5&"*")) -> 0 | AK33: =COUNTIF(Check[סימון],("S."&"*"&$AC33&"."&AK$5&"*")) -> 16 | AL33: =COUNTIF(Check[סימון],("V."&"*"&$AC33&"."&AL$5&"*")) -> 5 | AM33: 3E | AO33: =VLOOKUP(AO32,Check[],5,FALSE) -> 311 | AQ33: =VLOOKUP(AQ32,Check[],5,FALSE) -> 310 | AS33: =VLOOKUP(AS32,Check[],5,FALSE) -> 309 | AW33: =VLOOKUP(AW32,Check[],5,FALSE) -> 308 | BA33: =VLOOKUP(BA32,Check[],5,FALSE) -> 307 | BL33: # צל | BP33: צל
B34: =B38+3.6 -> 160.84 | C34: טיפוס | H34: =VLOOKUP(H32,Check[],6,FALSE) -> 4401 | O34: =VLOOKUP(O32,Check[],6,FALSE) -> 4402 | R34: =VLOOKUP(R32,Check[],6,FALSE) -> 4403 | V34: =VLOOKUP(V32,Check[],6,FALSE) -> 4404 | Y34: =VLOOKUP(Y32,Check[],6,FALSE) -> 4405 | AO34: =VLOOKUP(AO32,Check[],6,FALSE) -> 4402 | AQ34: =VLOOKUP(AQ32,Check[],6,FALSE) -> 4403 | AS34: =VLOOKUP(AS32,Check[],6,FALSE) -> 4404 | AW34: =VLOOKUP(AW32,Check[],6,FALSE) -> 4405 | BA34: =VLOOKUP(BA32,Check[],6,FALSE) -> 4401 | BL34: טיפוס | BM34: =BM38+3.6 -> 160.84 | BP34: טיפוס
B35: =_xlfn.CONCAT("קומה ",B36) -> קומה 43 | C35: דירה | H35: =H39+5 -> 308 | O35: =O39+5 -> 309 | R35: =R39+5 -> 310 | V35: =V39+5 -> 311 | Y35: =Y39+5 -> 312 | AC35: 2E | AD35: =COUNTIF(Check[סימון],("V."&"*"&$AC35&"."&AD$5&"*")) -> 3 | AE35: =COUNTIF(Check[סימון],("S."&"*"&$AC35&"."&AE$5&"*")) -> 5 | AF35: =COUNTIF(Check[סימון],("O."&"*"&$AC35&"."&AF$5&"*")) -> 1 | AG35: =SUM(AD35:AF35) -> 9 | AH35: =SUM(AI35,AG35) -> 16 | AI35: =SUM(AJ35:AL35) -> 7 | AJ35: =COUNTIF(Check[סימון],("O."&"*"&$AC35&"."&AJ$5&"*")) -> 0 | AK35: =COUNTIF(Check[סימון],("S."&"*"&$AC35&"."&AK$5&"*")) -> 7 | AL35: =COUNTIF(Check[סימון],("V."&"*"&$AC35&"."&AL$5&"*")) -> 0 | AM35: 2E | AO35: =AO39+5 -> 306 | AQ35: =AQ39+5 -> 305 | AS35: =AS39+5 -> 304 | AW35: =AW39+5 -> 303 | BA35: =BA39+5 -> 302 | BL35: דירה | BM35: =_xlfn.CONCAT("קומה ",BM36) -> קומה 43 | BP35: דירה
B36: =B40+1 -> 43 | C36: סטטוס | H36: =VLOOKUP("*"&H$5&".Ap."&H35,Check[],1,FALSE) -> V.GMS.P.4D.TS.Ap.308 | I36: =H36 -> V.GMS.P.4D.TS.Ap.308 | J36: =I36 -> V.GMS.P.4D.TS.Ap.308 | K36: =J36 -> V.GMS.P.4D.TS.Ap.308 | L36: =K36 -> V.GMS.P.4D.TS.Ap.308 | M36: =L36 -> V.GMS.P.4D.TS.Ap.308 | N36: =M36 -> V.GMS.P.4D.TS.Ap.308 | O36: =VLOOKUP("*"&O$5&".Ap."&O35,Check[],1,FALSE) -> O.P.4E.TS.Ap.309 | P36: =O36 -> O.P.4E.TS.Ap.309 | Q36: =P36 -> O.P.4E.TS.Ap.309 | R36: =VLOOKUP("*"&R$5&".Ap."&R35,Check[],1,FALSE) -> O.P.4F.TS.Ap.310 | S36: =R36 -> O.P.4F.TS.Ap.310 | T36: =S36 -> O.P.4F.TS.Ap.310 | U36: =T36 -> O.P.4F.TS.Ap.310 | V36: =VLOOKUP("*"&V$5&".Ap."&V35,Check[],1,FALSE) -> S.P.5CP.TS.Ap.311 | W36: =V36 -> S.P.5CP.TS.Ap.311 | X36: =V36 -> S.P.5CP.TS.Ap.311 | Y36: =VLOOKUP("*"&Y$5&".Ap."&Y35,Check[],1,FALSE) -> S.P.4BP.TS.Ap.312 | Z36: =Y36 -> S.P.4BP.TS.Ap.312 | AA36: =Y36 -> S.P.4BP.TS.Ap.312 | AO36: =VLOOKUP("*"&AO$5&".Ap."&AO35,Check[],1,FALSE) -> S.P.5BP.TN.Ap.306 | AP36: =AO36 -> S.P.5BP.TN.Ap.306 | AQ36: =VLOOKUP("*"&AQ$5&".Ap."&AQ35,Check[],1,FALSE) -> S.P.5AP.TN.Ap.305 | AR36: =AQ36 -> S.P.5AP.TN.Ap.305 | AS36: =VLOOKUP("*"&AS$5&".Ap."&AS35,Check[],1,FALSE) -> O.P.4F.TN.Ap.304 | AT36: =AS36 -> O.P.4F.TN.Ap.304 | AU36: =AT36 -> O.P.4F.TN.Ap.304 | AV36: =AU36 -> O.P.4F.TN.Ap.304 | AW36: =VLOOKUP("*"&AW$5&".Ap."&AW35,Check[],1,FALSE) -> O.P.4E.TN.Ap.303 | AX36: =AW36 -> O.P.4E.TN.Ap.303 | AY36: =AX36 -> O.P.4E.TN.Ap.303 | AZ36: =AY36 -> O.P.4E.TN.Ap.303 | BA36: =VLOOKUP("*"&BA$5&".Ap."&BA35,Check[],1,FALSE) -> V.GMS.P.4D.TN.Ap.302 | BB36: =BA36 -> V.GMS.P.4D.TN.Ap.302 | BC36: =BB36 -> V.GMS.P.4D.TN.Ap.302 | BD36: =BC36 -> V.GMS.P.4D.TN.Ap.302 | BE36: =BD36 -> V.GMS.P.4D.TN.Ap.302 | BF36: =BE36 -> V.GMS.P.4D.TN.Ap.302 | BG36: =BF36 -> V.GMS.P.4D.TN.Ap.302 | BL36: סטטוס | BM36: =BM40+1 -> 43 | BP36: סטטוס
C37: # צל | H37: =VLOOKUP(H36,Check[],5,FALSE) -> 308 | O37: =VLOOKUP(O36,Check[],5,FALSE) -> 309 | R37: =VLOOKUP(R36,Check[],5,FALSE) -> 310 | V37: =VLOOKUP(V36,Check[],5,FALSE) -> 311 | Y37: =VLOOKUP(Y36,Check[],5,FALSE) -> 312 | AC37: 2F | AD37: =COUNTIF(Check[סימון],("V."&"*"&$AC37&"."&AD$5&"*")) -> 1 | AE37: =COUNTIF(Check[סימון],("S."&"*"&$AC37&"."&AE$5&"*")) -> 2 | AF37: =COUNTIF(Check[סימון],("O."&"*"&$AC37&"."&AF$5&"*")) -> 6 | AG37: =SUM(AD37:AF37) -> 9 | AH37: =SUM(AI37,AG37) -> 16 | AI37: =SUM(AJ37:AL37) -> 7 | AJ37: =COUNTIF(Check[סימון],("O."&"*"&$AC37&"."&AJ$5&"*")) -> 4 | AK37: =COUNTIF(Check[סימון],("S."&"*"&$AC37&"."&AK$5&"*")) -> 3 | AL37: =COUNTIF(Check[סימון],("V."&"*"&$AC37&"."&AL$5&"*")) -> 0 | AM37: 3E | AO37: =VLOOKUP(AO36,Check[],5,FALSE) -> 306 | AQ37: =VLOOKUP(AQ36,Check[],5,FALSE) -> 305 | AS37: =VLOOKUP(AS36,Check[],5,FALSE) -> 304 | AW37: =VLOOKUP(AW36,Check[],5,FALSE) -> 303 | BA37: =VLOOKUP(BA36,Check[],5,FALSE) -> 302 | BL37: # צל | BP37: צל
B38: =B42+3.6 -> 157.24 | C38: טיפוס | H38: =VLOOKUP(H36,Check[],6,FALSE) -> 4301 | O38: =VLOOKUP(O36,Check[],6,FALSE) -> 4302 | R38: =VLOOKUP(R36,Check[],6,FALSE) -> 4303 | V38: =VLOOKUP(V36,Check[],6,FALSE) -> 4304 | Y38: =VLOOKUP(Y36,Check[],6,FALSE) -> 4305 | AO38: =VLOOKUP(AO36,Check[],6,FALSE) -> 4302 | AQ38: =VLOOKUP(AQ36,Check[],6,FALSE) -> 4303 | AS38: =VLOOKUP(AS36,Check[],6,FALSE) -> 4304 | AW38: =VLOOKUP(AW36,Check[],6,FALSE) -> 4305 | BA38: =VLOOKUP(BA36,Check[],6,FALSE) -> 4301 | BL38: טיפוס | BM38: =BM42+3.6 -> 157.24 | BP38: טיפוס
B39: =_xlfn.CONCAT("קומה ",B40) -> קומה 42 | C39: דירה | H39: =H43+5 -> 303 | O39: =O43+5 -> 304 | R39: =R43+5 -> 305 | V39: =V43+5 -> 306 | Y39: =Y43+5 -> 307 | AC39: 2G | AD39: =COUNTIF(Check[סימון],("V."&"*"&$AC39&"."&AD$5&"*")) -> 9 | AE39: =COUNTIF(Check[סימון],("S."&"*"&$AC39&"."&AE$5&"*")) -> 5 | AF39: =COUNTIF(Check[סימון],("O."&"*"&$AC39&"."&AF$5&"*")) -> 5 | AG39: =SUM(AD39:AF39) -> 19 | AH39: =SUM(AI39,AG39) -> 37 | AI39: =SUM(AJ39:AL39) -> 18 | AJ39: =COUNTIF(Check[סימון],("O."&"*"&$AC39&"."&AJ$5&"*")) -> 4 | AK39: =COUNTIF(Check[סימון],("S."&"*"&$AC39&"."&AK$5&"*")) -> 14 | AL39: =COUNTIF(Check[סימון],("V."&"*"&$AC39&"."&AL$5&"*")) -> 0 | AM39: 2G | AO39: =AO43+5 -> 301 | AQ39: =AQ43+5 -> 300 | AS39: =AS43+5 -> 299 | AW39: =AW43+5 -> 298 | BA39: =BA43+5 -> 297 | BL39: דירה | BM39: =_xlfn.CONCAT("קומה ",BM40) -> קומה 42 | BP39: דירה
B40: =B44+1 -> 42 | C40: סטטוס | H40: =VLOOKUP("*"&H$5&".Ap."&H39,Check[],1,FALSE) -> V.GMS.P.4D.TS.Ap.303 | I40: =H40 -> V.GMS.P.4D.TS.Ap.303 | J40: =I40 -> V.GMS.P.4D.TS.Ap.303 | K40: =J40 -> V.GMS.P.4D.TS.Ap.303 | L40: =K40 -> V.GMS.P.4D.TS.Ap.303 | M40: =L40 -> V.GMS.P.4D.TS.Ap.303 | N40: =M40 -> V.GMS.P.4D.TS.Ap.303 | O40: =VLOOKUP("*"&O$5&".Ap."&O39,Check[],1,FALSE) -> O.P.4E.TS.Ap.304 | P40: =O40 -> O.P.4E.TS.Ap.304 | Q40: =P40 -> O.P.4E.TS.Ap.304 | R40: =VLOOKUP("*"&R$5&".Ap."&R39,Check[],1,FALSE) -> O.P.4F.TS.Ap.305 | S40: =R40 -> O.P.4F.TS.Ap.305 | T40: =S40 -> O.P.4F.TS.Ap.305 | U40: =T40 -> O.P.4F.TS.Ap.305 | V40: =VLOOKUP("*"&V$5&".Ap."&V39,Check[],1,FALSE) -> S.P.5CP.TS.Ap.306 | W40: =V40 -> S.P.5CP.TS.Ap.306 | X40: =V40 -> S.P.5CP.TS.Ap.306 | Y40: =VLOOKUP("*"&Y$5&".Ap."&Y39,Check[],1,FALSE) -> V.GM.P.4BP.TS.Ap.307 | Z40: =Y40 -> V.GM.P.4BP.TS.Ap.307 | AA40: =Y40 -> V.GM.P.4BP.TS.Ap.307 | AO40: =VLOOKUP("*"&AO$5&".Ap."&AO39,Check[],1,FALSE) -> V.GMC.P.5BP.TN.Ap.301 | AP40: =AO40 -> V.GMC.P.5BP.TN.Ap.301 | AQ40: =VLOOKUP("*"&AQ$5&".Ap."&AQ39,Check[],1,FALSE) -> O.P.5AP.TN.Ap.300 | AR40: =AQ40 -> O.P.5AP.TN.Ap.300 | AS40: =VLOOKUP("*"&AS$5&".Ap."&AS39,Check[],1,FALSE) -> O.P.4F.TN.Ap.299 | AT40: =AS40 -> O.P.4F.TN.Ap.299 | AU40: =AT40 -> O.P.4F.TN.Ap.299 | AV40: =AU40 -> O.P.4F.TN.Ap.299 | AW40: =VLOOKUP("*"&AW$5&".Ap."&AW39,Check[],1,FALSE) -> S.P.4E.TN.Ap.298 | AX40: =AW40 -> S.P.4E.TN.Ap.298 | AY40: =AX40 -> S.P.4E.TN.Ap.298 | AZ40: =AY40 -> S.P.4E.TN.Ap.298 | BA40: =VLOOKUP("*"&BA$5&".Ap."&BA39,Check[],1,FALSE) -> V.GMS.P.4D.TN.Ap.297 | BB40: =BA40 -> V.GMS.P.4D.TN.Ap.297 | BC40: =BB40 -> V.GMS.P.4D.TN.Ap.297 | BD40: =BC40 -> V.GMS.P.4D.TN.Ap.297 | BE40: =BD40 -> V.GMS.P.4D.TN.Ap.297 | BF40: =BE40 -> V.GMS.P.4D.TN.Ap.297 | BG40: =BF40 -> V.GMS.P.4D.TN.Ap.297 | BL40: סטטוס | BM40: =BM44+1 -> 42 | BP40: סטטוס
C41: # צל | H41: =VLOOKUP(H40,Check[],5,FALSE) -> 303 | O41: =VLOOKUP(O40,Check[],5,FALSE) -> 304 | R41: =VLOOKUP(R40,Check[],5,FALSE) -> 305 | V41: =VLOOKUP(V40,Check[],5,FALSE) -> 306 | Y41: =VLOOKUP(Y40,Check[],5,FALSE) -> 307 | AC41: 3A | AD41: =COUNTIF(Check[סימון],("V."&"*"&$AC41&"."&AD$5&"*")) -> 9 | AE41: =COUNTIF(Check[סימון],("S."&"*"&$AC41&"."&AE$5&"*")) -> 10 | AF41: =COUNTIF(Check[סימון],("O."&"*"&$AC41&"."&AF$5&"*")) -> 13 | AG41: =SUM(AD41:AF41) -> 32 | AH41: =SUM(AI41,AG41) -> 63 | AI41: =SUM(AJ41:AL41) -> 31 | AJ41: =COUNTIF(Check[סימון],("O."&"*"&$AC41&"."&AJ$5&"*")) -> 0 | AK41: =COUNTIF(Check[סימון],("S."&"*"&$AC41&"."&AK$5&"*")) -> 20 | AL41: =COUNTIF(Check[סימון],("V."&"*"&$AC41&"."&AL$5&"*")) -> 11 | AM41: 3E | AO41: =VLOOKUP(AO40,Check[],5,FALSE) -> 301 | AQ41: =VLOOKUP(AQ40,Check[],5,FALSE) -> 300 | AS41: =VLOOKUP(AS40,Check[],5,FALSE) -> 299 | AW41: =VLOOKUP(AW40,Check[],5,FALSE) -> 298 | BA41: =VLOOKUP(BA40,Check[],5,FALSE) -> 297 | BL41: # צל | BP41: צל
B42: =B46+3.6 -> 153.64 | C42: טיפוס | H42: =VLOOKUP(H40,Check[],6,FALSE) -> 4201 | O42: =VLOOKUP(O40,Check[],6,FALSE) -> 4202 | R42: =VLOOKUP(R40,Check[],6,FALSE) -> 4203 | V42: =VLOOKUP(V40,Check[],6,FALSE) -> 4204 | Y42: =VLOOKUP(Y40,Check[],6,FALSE) -> 4205 | AO42: =VLOOKUP(AO40,Check[],6,FALSE) -> 4202 | AQ42: =VLOOKUP(AQ40,Check[],6,FALSE) -> 4203 | AS42: =VLOOKUP(AS40,Check[],6,FALSE) -> 4204 | AW42: =VLOOKUP(AW40,Check[],6,FALSE) -> 4205 | BA42: =VLOOKUP(BA40,Check[],6,FALSE) -> 4201 | BL42: טיפוס | BM42: =BM46+3.6 -> 153.64 | BP42: טיפוס
B43: =_xlfn.CONCAT("קומה ",B44) -> קומה 41 | C43: דירה | H43: =H47+5 -> 298 | O43: =O47+5 -> 299 | R43: =R47+5 -> 300 | V43: =V47+5 -> 301 | Y43: =Y47+5 -> 302 | AC43: 3B | AD43: =COUNTIF(Check[סימון],("V."&"*"&$AC43&"."&AD$5&"*")) -> 9 | AE43: =COUNTIF(Check[סימון],("S."&"*"&$AC43&"."&AE$5&"*")) -> 0 | AF43: =COUNTIF(Check[סימון],("O."&"*"&$AC43&"."&AF$5&"*")) -> 2 | AG43: =SUM(AD43:AF43) -> 11 | AH43: =SUM(AI43,AG43) -> 21 | AI43: =SUM(AJ43:AL43) -> 10 | AJ43: =COUNTIF(Check[סימון],("O."&"*"&$AC43&"."&AJ$5&"*")) -> 0 | AK43: =COUNTIF(Check[סימון],("S."&"*"&$AC43&"."&AK$5&"*")) -> 10 | AL43: =COUNTIF(Check[סימון],("V."&"*"&$AC43&"."&AL$5&"*")) -> 0 | AM43: 3B | AO43: =AO47+5 -> 296 | AQ43: =AQ47+5 -> 295 | AS43: =AS47+5 -> 294 | AW43: =AW47+5 -> 293 | BA43: =BA47+5 -> 292 | BL43: דירה | BM43: =_xlfn.CONCAT("קומה ",BM44) -> קומה 41 | BP43: דירה
B44: =B48+1 -> 41 | C44: סטטוס | H44: =VLOOKUP("*"&H$5&".Ap."&H43,Check[],1,FALSE) -> V.GMS.P.4D.TS.Ap.298 | I44: =H44 -> V.GMS.P.4D.TS.Ap.298 | J44: =I44 -> V.GMS.P.4D.TS.Ap.298 | K44: =J44 -> V.GMS.P.4D.TS.Ap.298 | L44: =K44 -> V.GMS.P.4D.TS.Ap.298 | M44: =L44 -> V.GMS.P.4D.TS.Ap.298 | N44: =M44 -> V.GMS.P.4D.TS.Ap.298 | O44: =VLOOKUP("*"&O$5&".Ap."&O43,Check[],1,FALSE) -> O.P.4E.TS.Ap.299 | P44: =O44 -> O.P.4E.TS.Ap.299 | Q44: =P44 -> O.P.4E.TS.Ap.299 | R44: =VLOOKUP("*"&R$5&".Ap."&R43,Check[],1,FALSE) -> O.P.4F.TS.Ap.300 | S44: =R44 -> O.P.4F.TS.Ap.300 | T44: =S44 -> O.P.4F.TS.Ap.300 | U44: =T44 -> O.P.4F.TS.Ap.300 | V44: =VLOOKUP("*"&V$5&".Ap."&V43,Check[],1,FALSE) -> S.P.5AP.TS.Ap.301 | W44: =V44 -> S.P.5AP.TS.Ap.301 | X44: =V44 -> S.P.5AP.TS.Ap.301 | Y44: =VLOOKUP("*"&Y$5&".Ap."&Y43,Check[],1,FALSE) -> S.P.5BP.TS.Ap.302 | Z44: =Y44 -> S.P.5BP.TS.Ap.302 | AA44: =Y44 -> S.P.5BP.TS.Ap.302 | AO44: =VLOOKUP("*"&AO$5&".Ap."&AO43,Check[],1,FALSE) -> S.P.5BP.TN.Ap.296 | AP44: =AO44 -> S.P.5BP.TN.Ap.296 | AQ44: =VLOOKUP("*"&AQ$5&".Ap."&AQ43,Check[],1,FALSE) -> S.P.5AP.TN.Ap.295 | AR44: =AQ44 -> S.P.5AP.TN.Ap.295 | AS44: =VLOOKUP("*"&AS$5&".Ap."&AS43,Check[],1,FALSE) -> S.P.4F.TN.Ap.294 | AT44: =AS44 -> S.P.4F.TN.Ap.294 | AU44: =AT44 -> S.P.4F.TN.Ap.294 | AV44: =AU44 -> S.P.4F.TN.Ap.294 | AW44: =VLOOKUP("*"&AW$5&".Ap."&AW43,Check[],1,FALSE) -> S.P.4E.TN.Ap.293 | AX44: =AW44 -> S.P.4E.TN.Ap.293 | AY44: =AX44 -> S.P.4E.TN.Ap.293 | AZ44: =AY44 -> S.P.4E.TN.Ap.293 | BA44: =VLOOKUP("*"&BA$5&".Ap."&BA43,Check[],1,FALSE) -> V.GMS.P.4D.TN.Ap.292 | BB44: =BA44 -> V.GMS.P.4D.TN.Ap.292 | BC44: =BB44 -> V.GMS.P.4D.TN.Ap.292 | BD44: =BC44 -> V.GMS.P.4D.TN.Ap.292 | BE44: =BD44 -> V.GMS.P.4D.TN.Ap.292 | BF44: =BE44 -> V.GMS.P.4D.TN.Ap.292 | BG44: =BF44 -> V.GMS.P.4D.TN.Ap.292 | BL44: סטטוס | BM44: =BM48+1 -> 41 | BP44: סטטוס
C45: # צל | H45: =VLOOKUP(H44,Check[],5,FALSE) -> 298 | O45: =VLOOKUP(O44,Check[],5,FALSE) -> 299 | R45: =VLOOKUP(R44,Check[],5,FALSE) -> 300 | V45: =VLOOKUP(V44,Check[],5,FALSE) -> 301 | Y45: =VLOOKUP(Y44,Check[],5,FALSE) -> 302 | AC45: 3C | AD45: =COUNTIF(Check[סימון],("V."&"*"&$AC45&"."&AD$5&"*")) -> 0 | AE45: =COUNTIF(Check[סימון],("S."&"*"&$AC45&"."&AE$5&"*")) -> 10 | AF45: =COUNTIF(Check[סימון],("O."&"*"&$AC45&"."&AF$5&"*")) -> 1 | AG45: =SUM(AD45:AF45) -> 11 | AH45: =SUM(AI45,AG45) -> 21 | AI45: =SUM(AJ45:AL45) -> 10 | AJ45: =COUNTIF(Check[סימון],("O."&"*"&$AC45&"."&AJ$5&"*")) -> 1 | AK45: =COUNTIF(Check[סימון],("S."&"*"&$AC45&"."&AK$5&"*")) -> 9 | AL45: =COUNTIF(Check[סימון],("V."&"*"&$AC45&"."&AL$5&"*")) -> 0 | AM45: 3E | AO45: =VLOOKUP(AO44,Check[],5,FALSE) -> 296 | AQ45: =VLOOKUP(AQ44,Check[],5,FALSE) -> 295 | AS45: =VLOOKUP(AS44,Check[],5,FALSE) -> 294 | AW45: =VLOOKUP(AW44,Check[],5,FALSE) -> 293 | BA45: =VLOOKUP(BA44,Check[],5,FALSE) -> 292 | BL45: # צל | BP45: צל
B46: =B50+3.6 -> 150.04 | C46: טיפוס | H46: =VLOOKUP(H44,Check[],6,FALSE) -> 4101 | O46: =VLOOKUP(O44,Check[],6,FALSE) -> 4102 | R46: =VLOOKUP(R44,Check[],6,FALSE) -> 4103 | V46: =VLOOKUP(V44,Check[],6,FALSE) -> 4104 | Y46: =VLOOKUP(Y44,Check[],6,FALSE) -> 4105 | AO46: =VLOOKUP(AO44,Check[],6,FALSE) -> 4102 | AQ46: =VLOOKUP(AQ44,Check[],6,FALSE) -> 4103 | AS46: =VLOOKUP(AS44,Check[],6,FALSE) -> 4104 | AW46: =VLOOKUP(AW44,Check[],6,FALSE) -> 4105 | BA46: =VLOOKUP(BA44,Check[],6,FALSE) -> 4101 | BL46: טיפוס | BM46: =BM50+3.6 -> 150.04 | BP46: טיפוס
B47: =_xlfn.CONCAT("קומה ",B48) -> קומה 40 | C47: דירה | H47: =H51+5 -> 293 | O47: =O51+5 -> 294 | R47: =R51+5 -> 295 | V47: =V51+5 -> 296 | Y47: =Y51+5 -> 297 | AC47: 3D | AD47: =COUNTIF(Check[סימון],("V."&"*"&$AC47&"."&AD$5&"*")) -> 0 | AE47: =COUNTIF(Check[סימון],("S."&"*"&$AC47&"."&AE$5&"*")) -> 10 | AF47: =COUNTIF(Check[סימון],("O."&"*"&$AC47&"."&AF$5&"*")) -> 1 | AG47: =SUM(AD47:AF47) -> 11 | AH47: =SUM(AI47,AG47) -> 21 | AI47: =SUM(AJ47:AL47) -> 10 | AJ47: =COUNTIF(Check[סימון],("O."&"*"&$AC47&"."&AJ$5&"*")) -> 0 | AK47: =COUNTIF(Check[סימון],("S."&"*"&$AC47&"."&AK$5&"*")) -> 10 | AL47: =COUNTIF(Check[סימון],("V."&"*"&$AC47&"."&AL$5&"*")) -> 0 | AM47: 3D | AO47: =AO51+5 -> 291 | AQ47: =AQ51+5 -> 290 | AS47: =AS51+5 -> 289 | AW47: =AW51+5 -> 288 | BA47: =BA51+5 -> 287 | BL47: דירה | BM47: =_xlfn.CONCAT("קומה ",BM48) -> קומה 40 | BP47: דירה
B48: =B52+1 -> 40 | C48: סטטוס | H48: =VLOOKUP("*"&H$5&".Ap."&H47,Check[],1,FALSE) -> S.P.4D.TS.Ap.293 | I48: =H48 -> S.P.4D.TS.Ap.293 | J48: =I48 -> S.P.4D.TS.Ap.293 | K48: =J48 -> S.P.4D.TS.Ap.293 | L48: =K48 -> S.P.4D.TS.Ap.293 | M48: =L48 -> S.P.4D.TS.Ap.293 | N48: =M48 -> S.P.4D.TS.Ap.293 | O48: =VLOOKUP("*"&O$5&".Ap."&O47,Check[],1,FALSE) -> S.P.4E.TS.Ap.294 | P48: =O48 -> S.P.4E.TS.Ap.294 | Q48: =P48 -> S.P.4E.TS.Ap.294 | R48: =VLOOKUP("*"&R$5&".Ap."&R47,Check[],1,FALSE) -> S.P.4F.TS.Ap.295 | S48: =R48 -> S.P.4F.TS.Ap.295 | T48: =S48 -> S.P.4F.TS.Ap.295 | U48: =T48 -> S.P.4F.TS.Ap.295 | V48: =VLOOKUP("*"&V$5&".Ap."&V47,Check[],1,FALSE) -> S.P.5AP.TS.Ap.296 | W48: =V48 -> S.P.5AP.TS.Ap.296 | X48: =V48 -> S.P.5AP.TS.Ap.296 | Y48: =VLOOKUP("*"&Y$5&".Ap."&Y47,Check[],1,FALSE) -> V.GM.P.5BP.TS.Ap.297 | Z48: =Y48 -> V.GM.P.5BP.TS.Ap.297 | AA48: =Y48 -> V.GM.P.5BP.TS.Ap.297 | AO48: =VLOOKUP("*"&AO$5&".Ap."&AO47,Check[],1,FALSE) -> S.P.5BP.TN.Ap.291 | AP48: =AO48 -> S.P.5BP.TN.Ap.291 | AQ48: =VLOOKUP("*"&AQ$5&".Ap."&AQ47,Check[],1,FALSE) -> S.P.5AP.TN.Ap.290 | AR48: =AQ48 -> S.P.5AP.TN.Ap.290 | AS48: =VLOOKUP("*"&AS$5&".Ap."&AS47,Check[],1,FALSE) -> O.P.4F.TN.Ap.289 | AT48: =AS48 -> O.P.4F.TN.Ap.289 | AU48: =AT48 -> O.P.4F.TN.Ap.289 | AV48: =AU48 -> O.P.4F.TN.Ap.289 | AW48: =VLOOKUP("*"&AW$5&".Ap."&AW47,Check[],1,FALSE) -> O.P.4E.TN.Ap.288 | AX48: =AW48 -> O.P.4E.TN.Ap.288 | AY48: =AX48 -> O.P.4E.TN.Ap.288 | AZ48: =AY48 -> O.P.4E.TN.Ap.288 | BA48: =VLOOKUP("*"&BA$5&".Ap."&BA47,Check[],1,FALSE) -> V.GMS.P.4D.TN.Ap.287 | BB48: =BA48 -> V.GMS.P.4D.TN.Ap.287 | BC48: =BB48 -> V.GMS.P.4D.TN.Ap.287 | BD48: =BC48 -> V.GMS.P.4D.TN.Ap.287 | BE48: =BD48 -> V.GMS.P.4D.TN.Ap.287 | BF48: =BE48 -> V.GMS.P.4D.TN.Ap.287 | BG48: =BF48 -> V.GMS.P.4D.TN.Ap.287 | BL48: סטטוס | BM48: =BM52+1 -> 40 | BP48: סטטוס
C49: # צל | H49: =VLOOKUP(H48,Check[],5,FALSE) -> 293 | O49: =VLOOKUP(O48,Check[],5,FALSE) -> 294 | R49: =VLOOKUP(R48,Check[],5,FALSE) -> 295 | V49: =VLOOKUP(V48,Check[],5,FALSE) -> 296 | Y49: =VLOOKUP(Y48,Check[],5,FALSE) -> 297 | AC49: 3E | AD49: =COUNTIF(Check[סימון],("V."&"*"&$AC49&"."&AD$5&"*")) -> 0 | AE49: =COUNTIF(Check[סימון],("S."&"*"&$AC49&"."&AE$5&"*")) -> 10 | AF49: =COUNTIF(Check[סימון],("O."&"*"&$AC49&"."&AF$5&"*")) -> 1 | AG49: =SUM(AD49:AF49) -> 11 | AH49: =SUM(AI49,AG49) -> 21 | AI49: =SUM(AJ49:AL49) -> 10 | AJ49: =COUNTIF(Check[סימון],("O."&"*"&$AC49&"."&AJ$5&"*")) -> 0 | AK49: =COUNTIF(Check[סימון],("S."&"*"&$AC49&"."&AK$5&"*")) -> 10 | AL49: =COUNTIF(Check[סימון],("V."&"*"&$AC49&"."&AL$5&"*")) -> 0 | AM49: 3E | AO49: =VLOOKUP(AO48,Check[],5,FALSE) -> 291 | AQ49: =VLOOKUP(AQ48,Check[],5,FALSE) -> 290 | AS49: =VLOOKUP(AS48,Check[],5,FALSE) -> 289 | AW49: =VLOOKUP(AW48,Check[],5,FALSE) -> 288 | BA49: =VLOOKUP(BA48,Check[],5,FALSE) -> 287 | BL49: # צל | BP49: צל
B50: =B54+3.6 -> 146.44 | C50: טיפוס | H50: =VLOOKUP(H48,Check[],6,FALSE) -> 4001 | O50: =VLOOKUP(O48,Check[],6,FALSE) -> 4002 | R50: =VLOOKUP(R48,Check[],6,FALSE) -> 4003 | V50: =VLOOKUP(V48,Check[],6,FALSE) -> 4004 | Y50: =VLOOKUP(Y48,Check[],6,FALSE) -> 4005 | AO50: =VLOOKUP(AO48,Check[],6,FALSE) -> 4002 | AQ50: =VLOOKUP(AQ48,Check[],6,FALSE) -> 4003 | AS50: =VLOOKUP(AS48,Check[],6,FALSE) -> 4004 | AW50: =VLOOKUP(AW48,Check[],6,FALSE) -> 4005 | BA50: =VLOOKUP(BA48,Check[],6,FALSE) -> 4001 | BL50: טיפוס | BM50: =BM54+3.6 -> 146.44 | BP50: טיפוס
B51: =_xlfn.CONCAT("קומה ",B52) -> קומה 39 | C51: דירה | H51: =H55+5 -> 288 | O51: =O55+5 -> 289 | R51: =R55+5 -> 290 | V51: =V55+5 -> 291 | Y51: =Y55+5 -> 292 | AC51: 3F | AD51: =COUNTIF(Check[סימון],("V."&"*"&$AC51&"."&AD$5&"*")) -> 2 | AE51: =COUNTIF(Check[סימון],("S."&"*"&$AC51&"."&AE$5&"*")) -> 6 | AF51: =COUNTIF(Check[סימון],("O."&"*"&$AC51&"."&AF$5&"*")) -> 4 | AG51: =SUM(AD51:AF51) -> 12 | AH51: =SUM(AI51,AG51) -> 26 | AI51: =SUM(AJ51:AL51) -> 14 | AJ51: =COUNTIF(Check[סימון],("O."&"*"&$AC51&"."&AJ$5&"*")) -> 1 | AK51: =COUNTIF(Check[סימון],("S."&"*"&$AC51&"."&AK$5&"*")) -> 8 | AL51: =COUNTIF(Check[סימון],("V."&"*"&$AC51&"."&AL$5&"*")) -> 5 | AM51: 3F | AO51: =AO55+5 -> 286 | AQ51: =AQ55+5 -> 285 | AS51: =AS55+5 -> 284 | AW51: =AW55+5 -> 283 | BA51: =BA55+5 -> 282 | BL51: דירה | BM51: =_xlfn.CONCAT("קומה ",BM52) -> קומה 39 | BP51: דירה
B52: =B56+1 -> 39 | C52: סטטוס | H52: =VLOOKUP("*"&H$5&".Ap."&H51,Check[],1,FALSE) -> S.P.4D.TS.Ap.288 | I52: =H52 -> S.P.4D.TS.Ap.288 | J52: =I52 -> S.P.4D.TS.Ap.288 | K52: =J52 -> S.P.4D.TS.Ap.288 | L52: =K52 -> S.P.4D.TS.Ap.288 | M52: =L52 -> S.P.4D.TS.Ap.288 | N52: =M52 -> S.P.4D.TS.Ap.288 | O52: =VLOOKUP("*"&O$5&".Ap."&O51,Check[],1,FALSE) -> S.P.4E.TS.Ap.289 | P52: =O52 -> S.P.4E.TS.Ap.289 | Q52: =P52 -> S.P.4E.TS.Ap.289 | R52: =VLOOKUP("*"&R$5&".Ap."&R51,Check[],1,FALSE) -> S.P.4F.TS.Ap.290 | S52: =R52 -> S.P.4F.TS.Ap.290 | T52: =S52 -> S.P.4F.TS.Ap.290 | U52: =T52 -> S.P.4F.TS.Ap.290 | V52: =VLOOKUP("*"&V$5&".Ap."&V51,Check[],1,FALSE) -> S.P.5AP.TS.Ap.291 | W52: =V52 -> S.P.5AP.TS.Ap.291 | X52: =V52 -> S.P.5AP.TS.Ap.291 | Y52: =VLOOKUP("*"&Y$5&".Ap."&Y51,Check[],1,FALSE) -> V.GMC.P.5BP.TS.Ap.292 | Z52: =Y52 -> V.GMC.P.5BP.TS.Ap.292 | AA52: =Y52 -> V.GMC.P.5BP.TS.Ap.292 | AO52: =VLOOKUP("*"&AO$5&".Ap."&AO51,Check[],1,FALSE) -> O.P.5BP.TN.Ap.286 | AP52: =AO52 -> O.P.5BP.TN.Ap.286 | AQ52: =VLOOKUP("*"&AQ$5&".Ap."&AQ51,Check[],1,FALSE) -> O.P.5AP.TN.Ap.285 | AR52: =AQ52 -> O.P.5AP.TN.Ap.285 | AS52: =VLOOKUP("*"&AS$5&".Ap."&AS51,Check[],1,FALSE) -> S.P.4F.TN.Ap.284 | AT52: =AS52 -> S.P.4F.TN.Ap.284 | AU52: =AT52 -> S.P.4F.TN.Ap.284 | AV52: =AU52 -> S.P.4F.TN.Ap.284 | AW52: =VLOOKUP("*"&AW$5&".Ap."&AW51,Check[],1,FALSE) -> O.P.4E.TN.Ap.283 | AX52: =AW52 -> O.P.4E.TN.Ap.283 | AY52: =AX52 -> O.P.4E.TN.Ap.283 | AZ52: =AY52 -> O.P.4E.TN.Ap.283 | BA52: =VLOOKUP("*"&BA$5&".Ap."&BA51,Check[],1,FALSE) -> V.GMS.P.4D.TN.Ap.282 | BB52: =BA52 -> V.GMS.P.4D.TN.Ap.282 | BC52: =BB52 -> V.GMS.P.4D.TN.Ap.282 | BD52: =BC52 -> V.GMS.P.4D.TN.Ap.282 | BE52: =BD52 -> V.GMS.P.4D.TN.Ap.282 | BF52: =BE52 -> V.GMS.P.4D.TN.Ap.282 | BG52: =BF52 -> V.GMS.P.4D.TN.Ap.282 | BL52: סטטוס | BM52: =BM56+1 -> 39 | BP52: סטטוס
C53: # צל | H53: =VLOOKUP(H52,Check[],5,FALSE) -> 288 | O53: =VLOOKUP(O52,Check[],5,FALSE) -> 289 | R53: =VLOOKUP(R52,Check[],5,FALSE) -> 290 | V53: =VLOOKUP(V52,Check[],5,FALSE) -> 291 | Y53: =VLOOKUP(Y52,Check[],5,FALSE) -> 292 | AC53: 3G | AD53: =COUNTIF(Check[סימון],("V."&"*"&$AC53&"."&AD$5&"*")) -> 7 | AE53: =COUNTIF(Check[סימון],("S."&"*"&$AC53&"."&AE$5&"*")) -> 5 | AF53: =COUNTIF(Check[סימון],("O."&"*"&$AC53&"."&AF$5&"*")) -> 0 | AG53: =SUM(AD53:AF53) -> 12 | AH53: =SUM(AI53,AG53) -> 26 | AI53: =SUM(AJ53:AL53) -> 14 | AJ53: =COUNTIF(Check[סימון],("O."&"*"&$AC53&"."&AJ$5&"*")) -> 0 | AK53: =COUNTIF(Check[סימון],("S."&"*"&$AC53&"."&AK$5&"*")) -> 13 | AL53: =COUNTIF(Check[סימון],("V."&"*"&$AC53&"."&AL$5&"*")) -> 1 | AM53: 3G | AO53: =VLOOKUP(AO52,Check[],5,FALSE) -> 286 | AQ53: =VLOOKUP(AQ52,Check[],5,FALSE) -> 285 | AS53: =VLOOKUP(AS52,Check[],5,FALSE) -> 284 | AW53: =VLOOKUP(AW52,Check[],5,FALSE) -> 283 | BA53: =VLOOKUP(BA52,Check[],5,FALSE) -> 282 | BL53: # צל | BP53: צל
B54: =B58+3.6 -> 142.84 | C54: טיפוס | H54: =VLOOKUP(H52,Check[],6,FALSE) -> 3901 | O54: =VLOOKUP(O52,Check[],6,FALSE) -> 3902 | R54: =VLOOKUP(R52,Check[],6,FALSE) -> 3903 | V54: =VLOOKUP(V52,Check[],6,FALSE) -> 3904 | Y54: =VLOOKUP(Y52,Check[],6,FALSE) -> 3905 | AO54: =VLOOKUP(AO52,Check[],6,FALSE) -> 3902 | AQ54: =VLOOKUP(AQ52,Check[],6,FALSE) -> 3903 | AS54: =VLOOKUP(AS52,Check[],6,FALSE) -> 3904 | AW54: =VLOOKUP(AW52,Check[],6,FALSE) -> 3905 | BA54: =VLOOKUP(BA52,Check[],6,FALSE) -> 3901 | BL54: טיפוס | BM54: =BM58+3.6 -> 142.84 | BP54: טיפוס
B55: =_xlfn.CONCAT("קומה ",B56) -> קומה 38 | C55: דירה | H55: =H59+5 -> 283 | O55: =O59+5 -> 284 | R55: =R59+5 -> 285 | V55: =V59+5 -> 286 | Y55: =Y59+5 -> 287 | AC55: 4A | AD55: =COUNTIF(Check[סימון],("V."&"*"&$AC55&"."&AD$5&"*")) -> 7 | AE55: =COUNTIF(Check[סימון],("S."&"*"&$AC55&"."&AE$5&"*")) -> 7 | AF55: =COUNTIF(Check[סימון],("O."&"*"&$AC55&"."&AF$5&"*")) -> 5 | AG55: =SUM(AD55:AF55) -> 19 | AH55: =SUM(AI55,AG55) -> 37 | AI55: =SUM(AJ55:AL55) -> 18 | AJ55: =COUNTIF(Check[סימון],("O."&"*"&$AC55&"."&AJ$5&"*")) -> 2 | AK55: =COUNTIF(Check[סימון],("S."&"*"&$AC55&"."&AK$5&"*")) -> 14 | AL55: =COUNTIF(Check[סימון],("V."&"*"&$AC55&"."&AL$5&"*")) -> 2 | AM55: 4A | AO55: =AO59+5 -> 281 | AQ55: =AQ59+5 -> 280 | AS55: =AS59+5 -> 279 | AW55: =AW59+5 -> 278 | BA55: =BA59+5 -> 277 | BL55: דירה | BM55: =_xlfn.CONCAT("קומה ",BM56) -> קומה 38 | BP55: דירה
B56: =B60+1 -> 38 | C56: סטטוס | H56: =VLOOKUP("*"&H$5&".Ap."&H55,Check[],1,FALSE) -> S.P.4D.TS.Ap.283 | I56: =H56 -> S.P.4D.TS.Ap.283 | J56: =I56 -> S.P.4D.TS.Ap.283 | K56: =J56 -> S.P.4D.TS.Ap.283 | L56: =K56 -> S.P.4D.TS.Ap.283 | M56: =L56 -> S.P.4D.TS.Ap.283 | N56: =M56 -> S.P.4D.TS.Ap.283 | O56: =VLOOKUP("*"&O$5&".Ap."&O55,Check[],1,FALSE) -> S.P.4E.TS.Ap.284 | P56: =O56 -> S.P.4E.TS.Ap.284 | Q56: =P56 -> S.P.4E.TS.Ap.284 | R56: =VLOOKUP("*"&R$5&".Ap."&R55,Check[],1,FALSE) -> S.P.4F.TS.Ap.285 | S56: =R56 -> S.P.4F.TS.Ap.285 | T56: =S56 -> S.P.4F.TS.Ap.285 | U56: =T56 -> S.P.4F.TS.Ap.285 | V56: =VLOOKUP("*"&V$5&".Ap."&V55,Check[],1,FALSE) -> O.P.5AP.TS.Ap.286 | W56: =V56 -> O.P.5AP.TS.Ap.286 | X56: =V56 -> O.P.5AP.TS.Ap.286 | Y56: =VLOOKUP("*"&Y$5&".Ap."&Y55,Check[],1,FALSE) -> O.P.5BP.TS.Ap.287 | Z56: =Y56 -> O.P.5BP.TS.Ap.287 | AA56: =Y56 -> O.P.5BP.TS.Ap.287 | AO56: =VLOOKUP("*"&AO$5&".Ap."&AO55,Check[],1,FALSE) -> S.P.5BP.TN.Ap.281 | AP56: =AO56 -> S.P.5BP.TN.Ap.281 | AQ56: =VLOOKUP("*"&AQ$5&".Ap."&AQ55,Check[],1,FALSE) -> S.P.5AP.TN.Ap.280 | AR56: =AQ56 -> S.P.5AP.TN.Ap.280 | AS56: =VLOOKUP("*"&AS$5&".Ap."&AS55,Check[],1,FALSE) -> O.P.4F.TN.Ap.279 | AT56: =AS56 -> O.P.4F.TN.Ap.279 | AU56: =AT56 -> O.P.4F.TN.Ap.279 | AV56: =AU56 -> O.P.4F.TN.Ap.279 | AW56: =VLOOKUP("*"&AW$5&".Ap."&AW55,Check[],1,FALSE) -> O.P.4E.TN.Ap.278 | AX56: =AW56 -> O.P.4E.TN.Ap.278 | AY56: =AX56 -> O.P.4E.TN.Ap.278 | AZ56: =AY56 -> O.P.4E.TN.Ap.278 | BA56: =VLOOKUP("*"&BA$5&".Ap."&BA55,Check[],1,FALSE) -> S.P.4D.TN.Ap.277 | BB56: =BA56 -> S.P.4D.TN.Ap.277 | BC56: =BB56 -> S.P.4D.TN.Ap.277 | BD56: =BC56 -> S.P.4D.TN.Ap.277 | BE56: =BD56 -> S.P.4D.TN.Ap.277 | BF56: =BE56 -> S.P.4D.TN.Ap.277 | BG56: =BF56 -> S.P.4D.TN.Ap.277 | BL56: סטטוס | BM56: =BM60+1 -> 38 | BP56: סטטוס
C57: # צל | H57: =VLOOKUP(H56,Check[],5,FALSE) -> 283 | O57: =VLOOKUP(O56,Check[],5,FALSE) -> 284 | R57: =VLOOKUP(R56,Check[],5,FALSE) -> 285 | V57: =VLOOKUP(V56,Check[],5,FALSE) -> 286 | Y57: =VLOOKUP(Y56,Check[],5,FALSE) -> 287 | AC57: 4B | AD57: =COUNTIF(Check[סימון],("V."&"*"&$AC57&"."&AD$5&"*")) -> 11 | AE57: =COUNTIF(Check[סימון],("S."&"*"&$AC57&"."&AE$5&"*")) -> 3 | AF57: =COUNTIF(Check[סימון],("O."&"*"&$AC57&"."&AF$5&"*")) -> 5 | AG57: =SUM(AD57:AF57) -> 19 | AH57: =SUM(AI57,AG57) -> 37 | AI57: =SUM(AJ57:AL57) -> 18 | AJ57: =COUNTIF(Check[סימון],("O."&"*"&$AC57&"."&AJ$5&"*")) -> 0 | AK57: =COUNTIF(Check[סימון],("S."&"*"&$AC57&"."&AK$5&"*")) -> 18 | AL57: =COUNTIF(Check[סימון],("V."&"*"&$AC57&"."&AL$5&"*")) -> 0 | AM57: 4B | AO57: =VLOOKUP(AO56,Check[],5,FALSE) -> 281 | AQ57: =VLOOKUP(AQ56,Check[],5,FALSE) -> 280 | AS57: =VLOOKUP(AS56,Check[],5,FALSE) -> 279 | AW57: =VLOOKUP(AW56,Check[],5,FALSE) -> 278 | BA57: =VLOOKUP(BA56,Check[],5,FALSE) -> 277 | BL57: # צל | BP57: צל
B58: =B62+3.6 -> 139.24 | C58: טיפוס | H58: =VLOOKUP(H56,Check[],6,FALSE) -> 3801 | O58: =VLOOKUP(O56,Check[],6,FALSE) -> 3802 | R58: =VLOOKUP(R56,Check[],6,FALSE) -> 3803 | V58: =VLOOKUP(V56,Check[],6,FALSE) -> 3804 | Y58: =VLOOKUP(Y56,Check[],6,FALSE) -> 3805 | AO58: =VLOOKUP(AO56,Check[],6,FALSE) -> 3802 | AQ58: =VLOOKUP(AQ56,Check[],6,FALSE) -> 3803 | AS58: =VLOOKUP(AS56,Check[],6,FALSE) -> 3804 | AW58: =VLOOKUP(AW56,Check[],6,FALSE) -> 3805 | BA58: =VLOOKUP(BA56,Check[],6,FALSE) -> 3801 | BL58: טיפוס | BM58: =BM62+3.6 -> 139.24 | BP58: טיפוס
B59: =_xlfn.CONCAT("קומה ",B60) -> קומה 37 | C59: דירה | H59: =H63+5 -> 278 | O59: =O63+5 -> 279 | R59: =R63+5 -> 280 | V59: =V63+5 -> 281 | Y59: =Y63+5 -> 282 | AC59: 4C | AD59: =COUNTIF(Check[סימון],("V."&"*"&$AC59&"."&AD$5&"*")) -> 0 | AE59: =COUNTIF(Check[סימון],("S."&"*"&$AC59&"."&AE$5&"*")) -> 8 | AF59: =COUNTIF(Check[סימון],("O."&"*"&$AC59&"."&AF$5&"*")) -> 4 | AG59: =SUM(AD59:AF59) -> 12 | AH59: =SUM(AI59,AG59) -> 26 | AI59: =SUM(AJ59:AL59) -> 14 | AJ59: =COUNTIF(Check[סימון],("O."&"*"&$AC59&"."&AJ$5&"*")) -> 4 | AK59: =COUNTIF(Check[סימון],("S."&"*"&$AC59&"."&AK$5&"*")) -> 10 | AL59: =COUNTIF(Check[סימון],("V."&"*"&$AC59&"."&AL$5&"*")) -> 0 | AM59: 4C | AO59: =AO63+5 -> 276 | AQ59: =AQ63+5 -> 275 | AS59: =AS63+5 -> 274 | AW59: =AW63+5 -> 273 | BA59: =BA63+5 -> 272 | BL59: דירה | BM59: =_xlfn.CONCAT("קומה ",BM60) -> קומה 37 | BP59: דירה
B60: =B64+1 -> 37 | C60: סטטוס | H60: =VLOOKUP("*"&H$5&".Ap."&H59,Check[],1,FALSE) -> S.P.4D.TS.Ap.278 | I60: =H60 -> S.P.4D.TS.Ap.278 | J60: =I60 -> S.P.4D.TS.Ap.278 | K60: =J60 -> S.P.4D.TS.Ap.278 | L60: =K60 -> S.P.4D.TS.Ap.278 | M60: =L60 -> S.P.4D.TS.Ap.278 | N60: =M60 -> S.P.4D.TS.Ap.278 | O60: =VLOOKUP("*"&O$5&".Ap."&O59,Check[],1,FALSE) -> S.P.4E.TS.Ap.279 | P60: =O60 -> S.P.4E.TS.Ap.279 | Q60: =P60 -> S.P.4E.TS.Ap.279 | R60: =VLOOKUP("*"&R$5&".Ap."&R59,Check[],1,FALSE) -> S.P.4F.TS.Ap.280 | S60: =R60 -> S.P.4F.TS.Ap.280 | T60: =S60 -> S.P.4F.TS.Ap.280 | U60: =T60 -> S.P.4F.TS.Ap.280 | V60: =VLOOKUP("*"&V$5&".Ap."&V59,Check[],1,FALSE) -> O.P.5AP.TS.Ap.281 | W60: =V60 -> O.P.5AP.TS.Ap.281 | X60: =V60 -> O.P.5AP.TS.Ap.281 | Y60: =VLOOKUP("*"&Y$5&".Ap."&Y59,Check[],1,FALSE) -> O.P.5BP.TS.Ap.282 | Z60: =Y60 -> O.P.5BP.TS.Ap.282 | AA60: =Y60 -> O.P.5BP.TS.Ap.282 | AO60: =VLOOKUP("*"&AO$5&".Ap."&AO59,Check[],1,FALSE) -> S.P.5BP.TN.Ap.276 | AP60: =AO60 -> S.P.5BP.TN.Ap.276 | AQ60: =VLOOKUP("*"&AQ$5&".Ap."&AQ59,Check[],1,FALSE) -> S.P.5AP.TN.Ap.275 | AR60: =AQ60 -> S.P.5AP.TN.Ap.275 | AS60: =VLOOKUP("*"&AS$5&".Ap."&AS59,Check[],1,FALSE) -> S.P.4F.TN.Ap.274 | AT60: =AS60 -> S.P.4F.TN.Ap.274 | AU60: =AT60 -> S.P.4F.TN.Ap.274 | AV60: =AU60 -> S.P.4F.TN.Ap.274 | AW60: =VLOOKUP("*"&AW$5&".Ap."&AW59,Check[],1,FALSE) -> O.P.4E.TN.Ap.273 | AX60: =AW60 -> O.P.4E.TN.Ap.273 | AY60: =AX60 -> O.P.4E.TN.Ap.273 | AZ60: =AY60 -> O.P.4E.TN.Ap.273 | BA60: =VLOOKUP("*"&BA$5&".Ap."&BA59,Check[],1,FALSE) -> V.GMS.P.4D.TN.Ap.272 | BB60: =BA60 -> V.GMS.P.4D.TN.Ap.272 | BC60: =BB60 -> V.GMS.P.4D.TN.Ap.272 | BD60: =BC60 -> V.GMS.P.4D.TN.Ap.272 | BE60: =BD60 -> V.GMS.P.4D.TN.Ap.272 | BF60: =BE60 -> V.GMS.P.4D.TN.Ap.272 | BG60: =BF60 -> V.GMS.P.4D.TN.Ap.272 | BL60: סטטוס | BM60: =BM64+1 -> 37 | BP60: סטטוס
C61: # צל | H61: =VLOOKUP(H60,Check[],5,FALSE) -> 278 | O61: =VLOOKUP(O60,Check[],5,FALSE) -> 279 | R61: =VLOOKUP(R60,Check[],5,FALSE) -> 280 | V61: =VLOOKUP(V60,Check[],5,FALSE) -> 281 | Y61: =VLOOKUP(Y60,Check[],5,FALSE) -> 282 | AC61: 4D | AD61: =COUNTIF(Check[סימון],("V."&"*"&$AC61&"."&AD$5&"*")) -> 5 | AE61: =COUNTIF(Check[סימון],("S."&"*"&$AC61&"."&AE$5&"*")) -> 6 | AF61: =COUNTIF(Check[סימון],("O."&"*"&$AC61&"."&AF$5&"*")) -> 3 | AG61: =SUM(AD61:AF61) -> 14 | AH61: =SUM(AI61,AG61) -> 28 | AI61: =SUM(AJ61:AL61) -> 14 | AJ61: =COUNTIF(Check[סימון],("O."&"*"&$AC61&"."&AJ$5&"*")) -> 2 | AK61: =COUNTIF(Check[סימון],("S."&"*"&$AC61&"."&AK$5&"*")) -> 1 | AL61: =COUNTIF(Check[סימון],("V."&"*"&$AC61&"."&AL$5&"*")) -> 11 | AM61: 4D | AO61: =VLOOKUP(AO60,Check[],5,FALSE) -> 276 | AQ61: =VLOOKUP(AQ60,Check[],5,FALSE) -> 275 | AS61: =VLOOKUP(AS60,Check[],5,FALSE) -> 274 | AW61: =VLOOKUP(AW60,Check[],5,FALSE) -> 273 | BA61: =VLOOKUP(BA60,Check[],5,FALSE) -> 272 | BL61: # צל | BP61: צל
B62: =B66+3.6 -> 135.64 | C62: טיפוס | H62: =VLOOKUP(H60,Check[],6,FALSE) -> 3701 | O62: =VLOOKUP(O60,Check[],6,FALSE) -> 3702 | R62: =VLOOKUP(R60,Check[],6,FALSE) -> 3703 | V62: =VLOOKUP(V60,Check[],6,FALSE) -> 3704 | Y62: =VLOOKUP(Y60,Check[],6,FALSE) -> 3705 | AO62: =VLOOKUP(AO60,Check[],6,FALSE) -> 3702 | AQ62: =VLOOKUP(AQ60,Check[],6,FALSE) -> 3703 | AS62: =VLOOKUP(AS60,Check[],6,FALSE) -> 3704 | AW62: =VLOOKUP(AW60,Check[],6,FALSE) -> 3705 | BA62: =VLOOKUP(BA60,Check[],6,FALSE) -> 3701 | BL62: טיפוס | BM62: =BM66+3.6 -> 135.64 | BP62: טיפוס
B63: =_xlfn.CONCAT("קומה ",B64) -> קומה 36 | C63: דירה | H63: =H67+5 -> 273 | O63: =O67+5 -> 274 | R63: =R67+5 -> 275 | V63: =V67+5 -> 276 | Y63: =Y67+5 -> 277 | AC63: 4E | AD63: =COUNTIF(Check[סימון],("V."&"*"&$AC63&"."&AD$5&"*")) -> 0 | AE63: =COUNTIF(Check[סימון],("S."&"*"&$AC63&"."&AE$5&"*")) -> 8 | AF63: =COUNTIF(Check[סימון],("O."&"*"&$AC63&"."&AF$5&"*")) -> 6 | AG63: =SUM(AD63:AF63) -> 14 | AH63: =SUM(AI63,AG63) -> 28 | AI63: =SUM(AJ63:AL63) -> 14 | AJ63: =COUNTIF(Check[סימון],("O."&"*"&$AC63&"."&AJ$5&"*")) -> 7 | AK63: =COUNTIF(Check[סימון],("S."&"*"&$AC63&"."&AK$5&"*")) -> 7 | AL63: =COUNTIF(Check[סימון],("V."&"*"&$AC63&"."&AL$5&"*")) -> 0 | AM63: 4E | AO63: =AO67+5 -> 271 | AQ63: =AQ67+5 -> 270 | AS63: =AS67+5 -> 269 | AW63: =AW67+5 -> 268 | BA63: =BA67+5 -> 267 | BL63: דירה | BM63: =_xlfn.CONCAT("קומה ",BM64) -> קומה 36 | BP63: דירה
B64: =B68+1 -> 36 | C64: סטטוס | H64: =VLOOKUP("*"&H$5&".Ap."&H63,Check[],1,FALSE) -> V.GMS.P.4D.TS.Ap.273 | I64: =H64 -> V.GMS.P.4D.TS.Ap.273 | J64: =I64 -> V.GMS.P.4D.TS.Ap.273 | K64: =J64 -> V.GMS.P.4D.TS.Ap.273 | L64: =K64 -> V.GMS.P.4D.TS.Ap.273 | M64: =L64 -> V.GMS.P.4D.TS.Ap.273 | N64: =M64 -> V.GMS.P.4D.TS.Ap.273 | O64: =VLOOKUP("*"&O$5&".Ap."&O63,Check[],1,FALSE) -> S.P.4E.TS.Ap.274 | P64: =O64 -> S.P.4E.TS.Ap.274 | Q64: =P64 -> S.P.4E.TS.Ap.274 | R64: =VLOOKUP("*"&R$5&".Ap."&R63,Check[],1,FALSE) -> O.P.4F.TS.Ap.275 | S64: =R64 -> O.P.4F.TS.Ap.275 | T64: =S64 -> O.P.4F.TS.Ap.275 | U64: =T64 -> O.P.4F.TS.Ap.275 | V64: =VLOOKUP("*"&V$5&".Ap."&V63,Check[],1,FALSE) -> S.P.5AP.TS.Ap.276 | W64: =V64 -> S.P.5AP.TS.Ap.276 | X64: =V64 -> S.P.5AP.TS.Ap.276 | Y64: =VLOOKUP("*"&Y$5&".Ap."&Y63,Check[],1,FALSE) -> V.GM.P.5BP.TS.Ap.277 | Z64: =Y64 -> V.GM.P.5BP.TS.Ap.277 | AA64: =Y64 -> V.GM.P.5BP.TS.Ap.277 | AO64: =VLOOKUP("*"&AO$5&".Ap."&AO63,Check[],1,FALSE) -> S.P.5BP.TN.Ap.271 | AP64: =AO64 -> S.P.5BP.TN.Ap.271 | AQ64: =VLOOKUP("*"&AQ$5&".Ap."&AQ63,Check[],1,FALSE) -> S.P.5AP.TN.Ap.270 | AR64: =AQ64 -> S.P.5AP.TN.Ap.270 | AS64: =VLOOKUP("*"&AS$5&".Ap."&AS63,Check[],1,FALSE) -> S.P.4F.TN.Ap.269 | AT64: =AS64 -> S.P.4F.TN.Ap.269 | AU64: =AT64 -> S.P.4F.TN.Ap.269 | AV64: =AU64 -> S.P.4F.TN.Ap.269 | AW64: =VLOOKUP("*"&AW$5&".Ap."&AW63,Check[],1,FALSE) -> S.P.4E.TN.Ap.268 | AX64: =AW64 -> S.P.4E.TN.Ap.268 | AY64: =AX64 -> S.P.4E.TN.Ap.268 | AZ64: =AY64 -> S.P.4E.TN.Ap.268 | BA64: =VLOOKUP("*"&BA$5&".Ap."&BA63,Check[],1,FALSE) -> V.GMS.P.4D.TN.Ap.267 | BB64: =BA64 -> V.GMS.P.4D.TN.Ap.267 | BC64: =BB64 -> V.GMS.P.4D.TN.Ap.267 | BD64: =BC64 -> V.GMS.P.4D.TN.Ap.267 | BE64: =BD64 -> V.GMS.P.4D.TN.Ap.267 | BF64: =BE64 -> V.GMS.P.4D.TN.Ap.267 | BG64: =BF64 -> V.GMS.P.4D.TN.Ap.267 | BL64: סטטוס | BM64: =BM68+1 -> 36 | BP64: סטטוס
C65: # צל | H65: =VLOOKUP(H64,Check[],5,FALSE) -> 273 | O65: =VLOOKUP(O64,Check[],5,FALSE) -> 274 | R65: =VLOOKUP(R64,Check[],5,FALSE) -> 275 | V65: =VLOOKUP(V64,Check[],5,FALSE) -> 276 | Y65: =VLOOKUP(Y64,Check[],5,FALSE) -> 277 | AC65: 4F | AD65: =COUNTIF(Check[סימון],("V."&"*"&$AC65&"."&AD$5&"*")) -> 0 | AE65: =COUNTIF(Check[סימון],("S."&"*"&$AC65&"."&AE$5&"*")) -> 6 | AF65: =COUNTIF(Check[סימון],("O."&"*"&$AC65&"."&AF$5&"*")) -> 8 | AG65: =SUM(AD65:AF65) -> 14 | AH65: =SUM(AI65,AG65) -> 28 | AI65: =SUM(AJ65:AL65) -> 14 | AJ65: =COUNTIF(Check[סימון],("O."&"*"&$AC65&"."&AJ$5&"*")) -> 6 | AK65: =COUNTIF(Check[סימון],("S."&"*"&$AC65&"."&AK$5&"*")) -> 8 | AL65: =COUNTIF(Check[סימון],("V."&"*"&$AC65&"."&AL$5&"*")) -> 0 | AM65: 4F | AO65: =VLOOKUP(AO64,Check[],5,FALSE) -> 271 | AQ65: =VLOOKUP(AQ64,Check[],5,FALSE) -> 270 | AS65: =VLOOKUP(AS64,Check[],5,FALSE) -> 269 | AW65: =VLOOKUP(AW64,Check[],5,FALSE) -> 268 | BA65: =VLOOKUP(BA64,Check[],5,FALSE) -> 267 | BL65: # צל | BP65: צל
B66: =B70+3.6 -> 132.04 | C66: טיפוס | H66: =VLOOKUP(H64,Check[],6,FALSE) -> 3601 | O66: =VLOOKUP(O64,Check[],6,FALSE) -> 3602 | R66: =VLOOKUP(R64,Check[],6,FALSE) -> 3603 | V66: =VLOOKUP(V64,Check[],6,FALSE) -> 3604 | Y66: =VLOOKUP(Y64,Check[],6,FALSE) -> 3605 | AO66: =VLOOKUP(AO64,Check[],6,FALSE) -> 3602 | AQ66: =VLOOKUP(AQ64,Check[],6,FALSE) -> 3603 | AS66: =VLOOKUP(AS64,Check[],6,FALSE) -> 3604 | AW66: =VLOOKUP(AW64,Check[],6,FALSE) -> 3605 | BA66: =VLOOKUP(BA64,Check[],6,FALSE) -> 3601 | BL66: טיפוס | BM66: =BM70+3.6 -> 132.04 | BP66: טיפוס
B67: =_xlfn.CONCAT("קומה ",B68) -> קומה 35 | C67: דירה | H67: =H71+5 -> 268 | O67: =O71+5 -> 269 | R67: =R71+5 -> 270 | V67: =V71+5 -> 271 | Y67: =Y71+5 -> 272 | AC67: 4G | AD67: =COUNTIF(Check[סימון],("V."&"*"&$AC67&"."&AD$5&"*")) -> 0 | AE67: =COUNTIF(Check[סימון],("S."&"*"&$AC67&"."&AE$5&"*")) -> 0 | AF67: =COUNTIF(Check[סימון],("O."&"*"&$AC67&"."&AF$5&"*")) -> 1 | AG67: =SUM(AD67:AF67) -> 1 | AH67: =SUM(AI67,AG67) -> 2 | AI67: =SUM(AJ67:AL67) -> 1 | AJ67: =COUNTIF(Check[סימון],("O."&"*"&$AC67&"."&AJ$5&"*")) -> 1 | AK67: =COUNTIF(Check[סימון],("S."&"*"&$AC67&"."&AK$5&"*")) -> 0 | AL67: =COUNTIF(Check[סימון],("V."&"*"&$AC67&"."&AL$5&"*")) -> 0 | AM67: 4G | AO67: =AO71+5 -> 266 | AQ67: =AQ71+5 -> 265 | AS67: =AS71+5 -> 264 | AW67: =AW71+5 -> 263 | BA67: =BA71+5 -> 262 | BL67: דירה | BM67: =_xlfn.CONCAT("קומה ",BM68) -> קומה 35 | BP67: דירה
B68: =B72+1 -> 35 | C68: סטטוס | H68: =VLOOKUP("*"&H$5&".Ap."&H67,Check[],1,FALSE) -> V.GMS.P.4D.TS.Ap.268 | I68: =H68 -> V.GMS.P.4D.TS.Ap.268 | J68: =I68 -> V.GMS.P.4D.TS.Ap.268 | K68: =J68 -> V.GMS.P.4D.TS.Ap.268 | L68: =K68 -> V.GMS.P.4D.TS.Ap.268 | M68: =L68 -> V.GMS.P.4D.TS.Ap.268 | N68: =M68 -> V.GMS.P.4D.TS.Ap.268 | O68: =VLOOKUP("*"&O$5&".Ap."&O67,Check[],1,FALSE) -> O.P.4E.TS.Ap.269 | P68: =O68 -> O.P.4E.TS.Ap.269 | Q68: =P68 -> O.P.4E.TS.Ap.269 | R68: =VLOOKUP("*"&R$5&".Ap."&R67,Check[],1,FALSE) -> S.P.4F.TS.Ap.270 | S68: =R68 -> S.P.4F.TS.Ap.270 | T68: =S68 -> S.P.4F.TS.Ap.270 | U68: =T68 -> S.P.4F.TS.Ap.270 | V68: =VLOOKUP("*"&V$5&".Ap."&V67,Check[],1,FALSE) -> S.P.5AP.TS.Ap.271 | W68: =V68 -> S.P.5AP.TS.Ap.271 | X68: =V68 -> S.P.5AP.TS.Ap.271 | Y68: =VLOOKUP("*"&Y$5&".Ap."&Y67,Check[],1,FALSE) -> V.DS.P.5BP.TS.Ap.272 | Z68: =Y68 -> V.DS.P.5BP.TS.Ap.272 | AA68: =Y68 -> V.DS.P.5BP.TS.Ap.272 | AO68: =VLOOKUP("*"&AO$5&".Ap."&AO67,Check[],1,FALSE) -> S.P.5BP.TN.Ap.266 | AP68: =AO68 -> S.P.5BP.TN.Ap.266 | AQ68: =VLOOKUP("*"&AQ$5&".Ap."&AQ67,Check[],1,FALSE) -> S.P.5AP.TN.Ap.265 | AR68: =AQ68 -> S.P.5AP.TN.Ap.265 | AS68: =VLOOKUP("*"&AS$5&".Ap."&AS67,Check[],1,FALSE) -> O.P.4F.TN.Ap.264 | AT68: =AS68 -> O.P.4F.TN.Ap.264 | AU68: =AT68 -> O.P.4F.TN.Ap.264 | AV68: =AU68 -> O.P.4F.TN.Ap.264 | AW68: =VLOOKUP("*"&AW$5&".Ap."&AW67,Check[],1,FALSE) -> S.P.4E.TN.Ap.263 | AX68: =AW68 -> S.P.4E.TN.Ap.263 | AY68: =AX68 -> S.P.4E.TN.Ap.263 | AZ68: =AY68 -> S.P.4E.TN.Ap.263 | BA68: =VLOOKUP("*"&BA$5&".Ap."&BA67,Check[],1,FALSE) -> V.GMS.P.4D.TN.Ap.262 | BB68: =BA68 -> V.GMS.P.4D.TN.Ap.262 | BC68: =BB68 -> V.GMS.P.4D.TN.Ap.262 | BD68: =BC68 -> V.GMS.P.4D.TN.Ap.262 | BE68: =BD68 -> V.GMS.P.4D.TN.Ap.262 | BF68: =BE68 -> V.GMS.P.4D.TN.Ap.262 | BG68: =BF68 -> V.GMS.P.4D.TN.Ap.262 | BL68: סטטוס | BM68: =BM72+1 -> 35 | BP68: סטטוס
C69: # צל | H69: =VLOOKUP(H68,Check[],5,FALSE) -> 268 | O69: =VLOOKUP(O68,Check[],5,FALSE) -> 269 | R69: =VLOOKUP(R68,Check[],5,FALSE) -> 270 | V69: =VLOOKUP(V68,Check[],5,FALSE) -> 271 | Y69: =VLOOKUP(Y68,Check[],5,FALSE) -> 272 | AC69: 4H | AD69: =COUNTIF(Check[סימון],("V."&"*"&$AC69&"."&AD$5&"*")) -> 0 | AE69: =COUNTIF(Check[סימון],("S."&"*"&$AC69&"."&AE$5&"*")) -> 0 | AF69: =COUNTIF(Check[סימון],("O."&"*"&$AC69&"."&AF$5&"*")) -> 1 | AG69: =SUM(AD69:AF69) -> 1 | AH69: =SUM(AI69,AG69) -> 2 | AI69: =SUM(AJ69:AL69) -> 1 | AJ69: =COUNTIF(Check[סימון],("O."&"*"&$AC69&"."&AJ$5&"*")) -> 1 | AK69: =COUNTIF(Check[סימון],("S."&"*"&$AC69&"."&AK$5&"*")) -> 0 | AL69: =COUNTIF(Check[סימון],("V."&"*"&$AC69&"."&AL$5&"*")) -> 0 | AM69: 4H | AO69: =VLOOKUP(AO68,Check[],5,FALSE) -> 266 | AQ69: =VLOOKUP(AQ68,Check[],5,FALSE) -> 265 | AS69: =VLOOKUP(AS68,Check[],5,FALSE) -> 264 | AW69: =VLOOKUP(AW68,Check[],5,FALSE) -> 263 | BA69: =VLOOKUP(BA68,Check[],5,FALSE) -> 262 | BL69: # צל | BP69: צל
B70: =B74+3.6 -> 128.44 | C70: טיפוס | H70: =VLOOKUP(H68,Check[],6,FALSE) -> 3501 | O70: =VLOOKUP(O68,Check[],6,FALSE) -> 3502 | R70: =VLOOKUP(R68,Check[],6,FALSE) -> 3503 | V70: =VLOOKUP(V68,Check[],6,FALSE) -> 3504 | Y70: =VLOOKUP(Y68,Check[],6,FALSE) -> 3505 | AO70: =VLOOKUP(AO68,Check[],6,FALSE) -> 3502 | AQ70: =VLOOKUP(AQ68,Check[],6,FALSE) -> 3503 | AS70: =VLOOKUP(AS68,Check[],6,FALSE) -> 3504 | AW70: =VLOOKUP(AW68,Check[],6,FALSE) -> 3505 | BA70: =VLOOKUP(BA68,Check[],6,FALSE) -> 3501 | BL70: טיפוס | BM70: =BM74+3.6 -> 128.44 | BP70: טיפוס
B71: =_xlfn.CONCAT("קומה ",B72) -> קומה 34 | C71: דירה | H71: 263 | O71: 264 | R71: 265 | V71: 266 | Y71: 267 | AC71: 5A | AD71: =COUNTIF(Check[סימון],("V."&"*"&$AC71&"."&AD$5&"*")) -> 2 | AE71: =COUNTIF(Check[סימון],("S."&"*"&$AC71&"."&AE$5&"*")) -> 3 | AF71: =COUNTIF(Check[סימון],("O."&"*"&$AC71&"."&AF$5&"*")) -> 5 | AG71: =SUM(AD71:AF71) -> 10 | AH71: =SUM(AI71,AG71) -> 24 | AI71: =SUM(AJ71:AL71) -> 14 | AJ71: =COUNTIF(Check[סימון],("O."&"*"&$AC71&"."&AJ$5&"*")) -> 3 | AK71: =COUNTIF(Check[סימון],("S."&"*"&$AC71&"."&AK$5&"*")) -> 10 | AL71: =COUNTIF(Check[סימון],("V."&"*"&$AC71&"."&AL$5&"*")) -> 1 | AM71: 5A | AO71: 261 | AQ71: 260 | AS71: 259 | AW71: 258 | BA71: 257 | BL71: דירה | BM71: =_xlfn.CONCAT("קומה ",BM72) -> קומה 34 | BP71: דירה
B72: =B76+1 -> 34 | C72: סטטוס | H72: =VLOOKUP("*"&H$5&".Ap."&H71,Check[],1,FALSE) -> S.P.4D.TS.Ap.263 | I72: =H72 -> S.P.4D.TS.Ap.263 | J72: =I72 -> S.P.4D.TS.Ap.263 | K72: =J72 -> S.P.4D.TS.Ap.263 | L72: =K72 -> S.P.4D.TS.Ap.263 | M72: =L72 -> S.P.4D.TS.Ap.263 | N72: =M72 -> S.P.4D.TS.Ap.263 | O72: =VLOOKUP("*"&O$5&".Ap."&O71,Check[],1,FALSE) -> S.P.4E.TS.Ap.264 | P72: =O72 -> S.P.4E.TS.Ap.264 | Q72: =P72 -> S.P.4E.TS.Ap.264 | R72: =VLOOKUP("*"&R$5&".Ap."&R71,Check[],1,FALSE) -> S.P.4F.TS.Ap.265 | S72: =R72 -> S.P.4F.TS.Ap.265 | T72: =S72 -> S.P.4F.TS.Ap.265 | U72: =T72 -> S.P.4F.TS.Ap.265 | V72: =VLOOKUP("*"&V$5&".Ap."&V71,Check[],1,FALSE) -> O.P.5AP.TS.Ap.266 | W72: =V72 -> O.P.5AP.TS.Ap.266 | X72: =V72 -> O.P.5AP.TS.Ap.266 | Y72: =VLOOKUP("*"&Y$5&".Ap."&Y71,Check[],1,FALSE) -> O.P.5BP.TS.Ap.267 | Z72: =Y72 -> O.P.5BP.TS.Ap.267 | AA72: =Y72 -> O.P.5BP.TS.Ap.267 | AO72: =VLOOKUP("*"&AO$5&".Ap."&AO71,Check[],1,FALSE) -> O.P.4BP.TN.Ap.261 | AP72: =AO72 -> O.P.4BP.TN.Ap.261 | AQ72: =VLOOKUP("*"&AQ$5&".Ap."&AQ71,Check[],1,FALSE) -> O.P.5CP.TN.Ap.260 | AR72: =AQ72 -> O.P.5CP.TN.Ap.260 | AS72: =VLOOKUP("*"&AS$5&".Ap."&AS71,Check[],1,FALSE) -> O.P.4F.TN.Ap.259 | AT72: =AS72 -> O.P.4F.TN.Ap.259 | AU72: =AT72 -> O.P.4F.TN.Ap.259 | AV72: =AU72 -> O.P.4F.TN.Ap.259 | AW72: =VLOOKUP("*"&AW$5&".Ap."&AW71,Check[],1,FALSE) -> S.P.4E.TN.Ap.258 | AX72: =AW72 -> S.P.4E.TN.Ap.258 | AY72: =AX72 -> S.P.4E.TN.Ap.258 | AZ72: =AY72 -> S.P.4E.TN.Ap.258 | BA72: =VLOOKUP("*"&BA$5&".Ap."&BA71,Check[],1,FALSE) -> V.GMS.P.4D.TN.Ap.257 | BB72: =BA72 -> V.GMS.P.4D.TN.Ap.257 | BC72: =BB72 -> V.GMS.P.4D.TN.Ap.257 | BD72: =BC72 -> V.GMS.P.4D.TN.Ap.257 | BE72: =BD72 -> V.GMS.P.4D.TN.Ap.257 | BF72: =BE72 -> V.GMS.P.4D.TN.Ap.257 | BG72: =BF72 -> V.GMS.P.4D.TN.Ap.257 | BL72: סטטוס | BM72: =BM76+1 -> 34 | BP72: סטטוס
C73: # צל | H73: =VLOOKUP(H72,Check[],5,FALSE) -> 263 | O73: =VLOOKUP(O72,Check[],5,FALSE) -> 264 | R73: =VLOOKUP(R72,Check[],5,FALSE) -> 265 | V73: =VLOOKUP(V72,Check[],5,FALSE) -> 266 | Y73: =VLOOKUP(Y72,Check[],5,FALSE) -> 267 | AC73: 5B | AD73: =COUNTIF(Check[סימון],("V."&"*"&$AC73&"."&AD$5&"*")) -> 7 | AE73: =COUNTIF(Check[סימון],("S."&"*"&$AC73&"."&AE$5&"*")) -> 2 | AF73: =COUNTIF(Check[סימון],("O."&"*"&$AC73&"."&AF$5&"*")) -> 1 | AG73: =SUM(AD73:AF73) -> 10 | AH73: =SUM(AI73,AG73) -> 24 | AI73: =SUM(AJ73:AL73) -> 14 | AJ73: =COUNTIF(Check[סימון],("O."&"*"&$AC73&"."&AJ$5&"*")) -> 3 | AK73: =COUNTIF(Check[סימון],("S."&"*"&$AC73&"."&AK$5&"*")) -> 5 | AL73: =COUNTIF(Check[סימון],("V."&"*"&$AC73&"."&AL$5&"*")) -> 6 | AM73: 5B | AO73: =VLOOKUP(AO72,Check[],5,FALSE) -> 261 | AQ73: =VLOOKUP(AQ72,Check[],5,FALSE) -> 260 | AS73: =VLOOKUP(AS72,Check[],5,FALSE) -> 259 | AW73: =VLOOKUP(AW72,Check[],5,FALSE) -> 258 | BA73: =VLOOKUP(BA72,Check[],5,FALSE) -> 257 | BL73: # צל | BP73: צל
B74: =B78+3.48 -> 124.84 | C74: טיפוס | H74: =VLOOKUP(H72,Check[],6,FALSE) -> 3401 | O74: =VLOOKUP(O72,Check[],6,FALSE) -> 3402 | R74: =VLOOKUP(R72,Check[],6,FALSE) -> 3403 | V74: =VLOOKUP(V72,Check[],6,FALSE) -> 3404 | Y74: =VLOOKUP(Y72,Check[],6,FALSE) -> 3405 | AO74: =VLOOKUP(AO72,Check[],6,FALSE) -> 3402 | AQ74: =VLOOKUP(AQ72,Check[],6,FALSE) -> 3403 | AS74: =VLOOKUP(AS72,Check[],6,FALSE) -> 3404 | AW74: =VLOOKUP(AW72,Check[],6,FALSE) -> 3405 | BA74: =VLOOKUP(BA72,Check[],6,FALSE) -> 3401 | BL74: טיפוס | BM74: =BM78+3.48 -> 124.84 | BP74: טיפוס
A75: 7 דירות בקומה | B75: =_xlfn.CONCAT("קומה ",B76) -> קומה 33 | C75: דירה | H75: D-S | I75: C-S | J75: B-S | K75: A-S | L75: =L79+7 -> 256 | N75: =N79+7 -> 257 | P75: =P79+7 -> 258 | Q75: =Q79+7 -> 259 | S75: =S79+7 -> 260 | V75: =V79+7 -> 261 | Y75: =Y79+7 -> 262 | AC75: 5AP | AD75: =COUNTIF(Check[סימון],("V."&"*"&$AC75&"."&AD$5&"*")) -> 0 | AE75: =COUNTIF(Check[סימון],("S."&"*"&$AC75&"."&AE$5&"*")) -> 5 | AF75: =COUNTIF(Check[סימון],("O."&"*"&$AC75&"."&AF$5&"*")) -> 7 | AG75: =SUM(AD75:AF75) -> 12 | AH75: =SUM(AI75,AG75) -> 25 | AI75: =SUM(AJ75:AL75) -> 13 | AJ75: =COUNTIF(Check[סימון],("O."&"*"&$AC75&"."&AJ$5&"*")) -> 6 | AK75: =COUNTIF(Check[סימון],("S."&"*"&$AC75&"."&AK$5&"*")) -> 7 | AL75: =COUNTIF(Check[סימון],("V."&"*"&$AC75&"."&AL$5&"*")) -> 0 | AM75: 5AP | AO75: =AO79+7 -> 253 | AQ75: =AQ79+7 -> 254 | AS75: =AS79+7 -> 255 | AV75: =AV79+7 -> 256 | AX75: =AX79+7 -> 250 | AY75: =AY79+7 -> 251 | BB75: =BB79+7 -> 252 | BD75: A-N | BE75: B-N | BF75: C-N | BG75: D-N | BL75: דירה | BM75: =_xlfn.CONCAT("קומה ",BM76) -> קומה 33 | BN75: 7 דירות בקומה | BP75: דירה
B76: =B80+1 -> 33 | C76: סטטוס | L76: =VLOOKUP("*"&L$5&".Ap."&L75,Check[],1,FALSE) -> O.S.3F.TS.Ap.256 | M76: =L76 -> O.S.3F.TS.Ap.256 | N76: =VLOOKUP("*"&N$5&".Ap."&N75,Check[],1,FALSE) -> S.S.3G.TS.Ap.257 | O76: =N76 -> S.S.3G.TS.Ap.257 | P76: =VLOOKUP("*"&P$5&".Ap."&P75,Check[],1,FALSE) -> V.GMS.S.3A.TS.Ap.258 | Q76: =VLOOKUP("*"&Q$5&".Ap."&Q75,Check[],1,FALSE) -> O.S.2D.TS.Ap.259 | R76: =Q76 -> O.S.2D.TS.Ap.259 | S76: =VLOOKUP("*"&S$5&".Ap."&S75,Check[],1,FALSE) -> S.S.4C.TS.Ap.260 | T76: =S76 -> S.S.4C.TS.Ap.260 | U76: =T76 -> S.S.4C.TS.Ap.260 | V76: =VLOOKUP("*"&V$5&".Ap."&V75,Check[],1,FALSE) -> S.P.5CP.TS.Ap.261 | W76: =V76 -> S.P.5CP.TS.Ap.261 | X76: =V76 -> S.P.5CP.TS.Ap.261 | Y76: =VLOOKUP("*"&Y$5&".Ap."&Y75,Check[],1,FALSE) -> V.GM.P.4BP.TS.Ap.262 | Z76: =Y76 -> V.GM.P.4BP.TS.Ap.262 | AA76: =Y76 -> V.GM.P.4BP.TS.Ap.262 | AO76: =VLOOKUP("*"&AO$5&".Ap."&AO75,Check[],1,FALSE) -> V.GMC.S.5B.TN.Ap.253 | AP76: =AO76 -> V.GMC.S.5B.TN.Ap.253 | AQ76: =VLOOKUP("*"&AQ$5&".Ap."&AQ75,Check[],1,FALSE) -> S.S.5A.TN.Ap.254 | AR76: =AQ76 -> S.S.5A.TN.Ap.254 | AS76: =VLOOKUP("*"&AS$5&".Ap."&AS75,Check[],1,FALSE) -> S.S.4C.TN.Ap.255 | AT76: =AS76 -> S.S.4C.TN.Ap.255 | AU76: =AT76 -> S.S.4C.TN.Ap.255 | AV76: =VLOOKUP("*"&AV$5&".Ap."&AV75,Check[],1,FALSE) -> S.S.2D.TN.Ap.256 | AW76: =AV76 -> S.S.2D.TN.Ap.256 | AX76: =VLOOKUP("*"&AX$5&".Ap."&AX75,Check[],1,FALSE) -> S.S.3A.TN.Ap.250 | AY76: =VLOOKUP("*"&AY$5&".Ap."&AY75,Check[],1,FALSE) -> S.S.3G.TN.Ap.251 | AZ76: =AY76 -> S.S.3G.TN.Ap.251 | BA76: =AZ76 -> S.S.3G.TN.Ap.251 | BB76: =VLOOKUP("*"&BB$5&".Ap."&BB75,Check[],1,FALSE) -> S.S.3F.TN.Ap.252 | BC76: =BB76 -> S.S.3F.TN.Ap.252 | BL76: סטטוס | BM76: =BM80+1 -> 33 | BP76: סטטוס
C77: # צל | L77: =VLOOKUP(L76,Check[],5,FALSE) -> 256 | N77: =VLOOKUP(N76,Check[],5,FALSE) -> 257 | P77: =VLOOKUP(P76,Check[],5,FALSE) -> 258 | Q77: =VLOOKUP(Q76,Check[],5,FALSE) -> 259 | S77: =VLOOKUP(S76,Check[],5,FALSE) -> 260 | V77: =VLOOKUP(V76,Check[],5,FALSE) -> 261 | Y77: =VLOOKUP(Y76,Check[],5,FALSE) -> 262 | AC77: 5BP | AD77: =COUNTIF(Check[סימון],("V."&"*"&$AC77&"."&AD$5&"*")) -> 7 | AE77: =COUNTIF(Check[סימון],("S."&"*"&$AC77&"."&AE$5&"*")) -> 1 | AF77: =COUNTIF(Check[סימון],("O."&"*"&$AC77&"."&AF$5&"*")) -> 4 | AG77: =SUM(AD77:AF77) -> 12 | AH77: =SUM(AI77,AG77) -> 25 | AI77: =SUM(AJ77:AL77) -> 13 | AJ77: =COUNTIF(Check[סימון],("O."&"*"&$AC77&"."&AJ$5&"*")) -> 2 | AK77: =COUNTIF(Check[סימון],("S."&"*"&$AC77&"."&AK$5&"*")) -> 7 | AL77: =COUNTIF(Check[סימון],("V."&"*"&$AC77&"."&AL$5&"*")) -> 4 | AM77: 5BP | AO77: =VLOOKUP(AO76,Check[],5,FALSE) -> 253 | AQ77: =VLOOKUP(AQ76,Check[],5,FALSE) -> 254 | AS77: =VLOOKUP(AS76,Check[],5,FALSE) -> 255 | AV77: =VLOOKUP(AV76,Check[],5,FALSE) -> 256 | AX77: =VLOOKUP(AX76,Check[],5,FALSE) -> 250 | AY77: =VLOOKUP(AY76,Check[],5,FALSE) -> 251 | BB77: =VLOOKUP(BB76,Check[],5,FALSE) -> 252 | BL77: # צל | BP77: צל
B78: =B82+3.48 -> 121.36 | C78: טיפוס | L78: =VLOOKUP(L76,Check[],6,FALSE) -> 3301 | N78: =VLOOKUP(N76,Check[],6,FALSE) -> 3302 | P78: =VLOOKUP(P76,Check[],6,FALSE) -> 3303 | Q78: =VLOOKUP(Q76,Check[],6,FALSE) -> 3304 | S78: =VLOOKUP(S76,Check[],6,FALSE) -> 3305 | V78: =VLOOKUP(V76,Check[],6,FALSE) -> 3306 | Y78: =VLOOKUP(Y76,Check[],6,FALSE) -> 3307 | AO78: =VLOOKUP(AO76,Check[],6,FALSE) -> 3302 | AQ78: =VLOOKUP(AQ76,Check[],6,FALSE) -> 3303 | AS78: =VLOOKUP(AS76,Check[],6,FALSE) -> 3304 | AV78: =VLOOKUP(AV76,Check[],6,FALSE) -> 3305 | AX78: =VLOOKUP(AX76,Check[],6,FALSE) -> 3306 | AY78: =VLOOKUP(AY76,Check[],6,FALSE) -> 3307 | BB78: =VLOOKUP(BB76,Check[],6,FALSE) -> 3301 | BL78: טיפוס | BM78: =BM82+3.48 -> 121.36 | BP78: טיפוס
B79: =_xlfn.CONCAT("קומה ",B80) -> קומה 32 | C79: דירה | I79: כבאים | L79: =L83+7 -> 249 | N79: =N83+7 -> 250 | P79: =P83+7 -> 251 | Q79: =Q83+7 -> 252 | S79: =S83+7 -> 253 | V79: =V83+7 -> 254 | Y79: =Y83+7 -> 255 | AC79: PH1 | AD79: =COUNTIF(Check[סימון],("V."&"*"&$AC79&"."&AD$5&"*")) -> 1 | AE79: =COUNTIF(Check[סימון],("S."&"*"&$AC79&"."&AE$5&"*")) -> 0 | AF79: =COUNTIF(Check[סימון],("O."&"*"&$AC79&"."&AF$5&"*")) -> 0 | AG79: =SUM(AD79:AF79) -> 1 | AH79: =SUM(AI79,AG79) -> 2 | AI79: =SUM(AJ79:AL79) -> 1 | AJ79: =COUNTIF(Check[סימון],("O."&"*"&$AC79&"."&AJ$5&"*")) -> 0 | AK79: =COUNTIF(Check[סימון],("S."&"*"&$AC79&"."&AK$5&"*")) -> 0 | AL79: =COUNTIF(Check[סימון],("V."&"*"&$AC79&"."&AL$5&"*")) -> 1 | AM79: PH1 | AO79: =AO83+7 -> 246 | AQ79: =AQ83+7 -> 247 | AS79: =AS83+7 -> 248 | AV79: =AV83+7 -> 249 | AX79: =AX83+7 -> 243 | AY79: =AY83+7 -> 244 | BB79: =BB83+7 -> 245 | BF79: כבאים | BL79: דירה | BM79: =_xlfn.CONCAT("קומה ",BM80) -> קומה 32 | BP79: דירה
B80: =B84+1 -> 32 | C80: סטטוס | L80: =VLOOKUP("*"&L$5&".Ap."&L79,Check[],1,FALSE) -> V.GMS.S.3F.TS.Ap.249 | M80: =L80 -> V.GMS.S.3F.TS.Ap.249 | N80: =VLOOKUP("*"&N$5&".Ap."&N79,Check[],1,FALSE) -> S.S.3G.TS.Ap.250 | O80: =N80 -> S.S.3G.TS.Ap.250 | P80: =VLOOKUP("*"&P$5&".Ap."&P79,Check[],1,FALSE) -> V.GMS.S.3A.TS.Ap.251 | Q80: =VLOOKUP("*"&Q$5&".Ap."&Q79,Check[],1,FALSE) -> S.S.2D.TS.Ap.252 | R80: =Q80 -> S.S.2D.TS.Ap.252 | S80: =VLOOKUP("*"&S$5&".Ap."&S79,Check[],1,FALSE) -> S.S.4C.TS.Ap.253 | T80: =S80 -> S.S.4C.TS.Ap.253 | U80: =T80 -> S.S.4C.TS.Ap.253 | V80: =VLOOKUP("*"&V$5&".Ap."&V79,Check[],1,FALSE) -> S.P.5CP.TS.Ap.254 | W80: =V80 -> S.P.5CP.TS.Ap.254 | X80: =V80 -> S.P.5CP.TS.Ap.254 | Y80: =VLOOKUP("*"&Y$5&".Ap."&Y79,Check[],1,FALSE) -> V.GM.P.4BP.TS.Ap.255 | Z80: =Y80 -> V.GM.P.4BP.TS.Ap.255 | AA80: =Y80 -> V.GM.P.4BP.TS.Ap.255 | AO80: =VLOOKUP("*"&AO$5&".Ap."&AO79,Check[],1,FALSE) -> O.S.5B.TN.Ap.246 | AP80: =AO80 -> O.S.5B.TN.Ap.246 | AQ80: =VLOOKUP("*"&AQ$5&".Ap."&AQ79,Check[],1,FALSE) -> O.S.5A.TN.Ap.247 | AR80: =AQ80 -> O.S.5A.TN.Ap.247 | AS80: =VLOOKUP("*"&AS$5&".Ap."&AS79,Check[],1,FALSE) -> S.S.4C.TN.Ap.248 | AT80: =AS80 -> S.S.4C.TN.Ap.248 | AU80: =AT80 -> S.S.4C.TN.Ap.248 | AV80: =VLOOKUP("*"&AV$5&".Ap."&AV79,Check[],1,FALSE) -> S.S.2D.TN.Ap.249 | AW80: =AV80 -> S.S.2D.TN.Ap.249 | AX80: =VLOOKUP("*"&AX$5&".Ap."&AX79,Check[],1,FALSE) -> S.S.3A.TN.Ap.243 | AY80: =VLOOKUP("*"&AY$5&".Ap."&AY79,Check[],1,FALSE) -> S.S.3G.TN.Ap.244 | AZ80: =AY80 -> S.S.3G.TN.Ap.244 | BA80: =AZ80 -> S.S.3G.TN.Ap.244 | BB80: =VLOOKUP("*"&BB$5&".Ap."&BB79,Check[],1,FALSE) -> S.S.3F.TN.Ap.245 | BC80: =BB80 -> S.S.3F.TN.Ap.245 | BL80: סטטוס | BM80: =BM84+1 -> 32 | BP80: סטטוס
C81: # צל | L81: =VLOOKUP(L80,Check[],5,FALSE) -> 249 | N81: =VLOOKUP(N80,Check[],5,FALSE) -> 250 | P81: =VLOOKUP(P80,Check[],5,FALSE) -> 251 | Q81: =VLOOKUP(Q80,Check[],5,FALSE) -> 252 | S81: =VLOOKUP(S80,Check[],5,FALSE) -> 253 | V81: =VLOOKUP(V80,Check[],5,FALSE) -> 254 | Y81: =VLOOKUP(Y80,Check[],5,FALSE) -> 255 | AC81: PH2 | AD81: =COUNTIF(Check[סימון],("V."&"*"&$AC81&"."&AD$5&"*")) -> 1 | AE81: =COUNTIF(Check[סימון],("S."&"*"&$AC81&"."&AE$5&"*")) -> 0 | AF81: =COUNTIF(Check[סימון],("O."&"*"&$AC81&"."&AF$5&"*")) -> 0 | AG81: =SUM(AD81:AF81) -> 1 | AH81: =SUM(AI81,AG81) -> 2 | AI81: =SUM(AJ81:AL81) -> 1 | AJ81: =COUNTIF(Check[סימון],("O."&"*"&$AC81&"."&AJ$5&"*")) -> 0 | AK81: =COUNTIF(Check[סימון],("S."&"*"&$AC81&"."&AK$5&"*")) -> 0 | AL81: =COUNTIF(Check[סימון],("V."&"*"&$AC81&"."&AL$5&"*")) -> 1 | AM81: PH2 | AO81: =VLOOKUP(AO80,Check[],5,FALSE) -> 246 | AQ81: =VLOOKUP(AQ80,Check[],5,FALSE) -> 247 | AS81: =VLOOKUP(AS80,Check[],5,FALSE) -> 248 | AV81: =VLOOKUP(AV80,Check[],5,FALSE) -> 249 | AX81: =VLOOKUP(AX80,Check[],5,FALSE) -> 243 | AY81: =VLOOKUP(AY80,Check[],5,FALSE) -> 244 | BB81: =VLOOKUP(BB80,Check[],5,FALSE) -> 245 | BL81: # צל | BP81: צל
B82: =B86+3.48 -> 117.88 | C82: טיפוס | L82: =VLOOKUP(L80,Check[],6,FALSE) -> 3201 | N82: =VLOOKUP(N80,Check[],6,FALSE) -> 3202 | P82: =VLOOKUP(P80,Check[],6,FALSE) -> 3203 | Q82: =VLOOKUP(Q80,Check[],6,FALSE) -> 3204 | S82: =VLOOKUP(S80,Check[],6,FALSE) -> 3205 | V82: =VLOOKUP(V80,Check[],6,FALSE) -> 3206 | Y82: =VLOOKUP(Y80,Check[],6,FALSE) -> 3207 | AO82: =VLOOKUP(AO80,Check[],6,FALSE) -> 3202 | AQ82: =VLOOKUP(AQ80,Check[],6,FALSE) -> 3203 | AS82: =VLOOKUP(AS80,Check[],6,FALSE) -> 3204 | AV82: =VLOOKUP(AV80,Check[],6,FALSE) -> 3205 | AX82: =VLOOKUP(AX80,Check[],6,FALSE) -> 3206 | AY82: =VLOOKUP(AY80,Check[],6,FALSE) -> 3207 | BB82: =VLOOKUP(BB80,Check[],6,FALSE) -> 3201 | BL82: טיפוס | BM82: =BM86+3.48 -> 117.88 | BP82: טיפוס
B83: =_xlfn.CONCAT("קומה ",B84) -> קומה 31 | C83: דירה | E83: ח | F83: ח | G83: ח | L83: =L87+7 -> 242 | N83: =N87+7 -> 243 | P83: =P87+7 -> 244 | Q83: =Q87+7 -> 245 | S83: =S87+7 -> 246 | V83: =V87+7 -> 247 | Y83: =Y87+7 -> 248 | AC83: PH3 | AD83: =COUNTIF(Check[סימון],("V."&"*"&$AC83&"."&AD$5&"*")) -> 0 | AE83: =COUNTIF(Check[סימון],("S."&"*"&$AC83&"."&AE$5&"*")) -> 0 | AF83: =COUNTIF(Check[סימון],("O."&"*"&$AC83&"."&AF$5&"*")) -> 1 | AG83: =SUM(AD83:AF83) -> 1 | AH83: =SUM(AI83,AG83) -> 2 | AI83: =SUM(AJ83:AL83) -> 1 | AJ83: =COUNTIF(Check[סימון],("O."&"*"&$AC83&"."&AJ$5&"*")) -> 0 | AK83: =COUNTIF(Check[סימון],("S."&"*"&$AC83&"."&AK$5&"*")) -> 0 | AL83: =COUNTIF(Check[סימון],("V."&"*"&$AC83&"."&AL$5&"*")) -> 1 | AM83: PH3 | AO83: =AO87+7 -> 239 | AQ83: =AQ87+7 -> 240 | AS83: =AS87+7 -> 241 | AV83: =AV87+7 -> 242 | AX83: =AX87+7 -> 236 | AY83: =AY87+7 -> 237 | BB83: =BB87+7 -> 238 | BH83: ח | BI83: ח | BJ83: ח | BL83: דירה | BM83: =_xlfn.CONCAT("קומה ",BM84) -> קומה 31 | BP83: דירה
B84: =B88+1 -> 31 | C84: סטטוס | L84: =VLOOKUP("*"&L$5&".Ap."&L83,Check[],1,FALSE) -> V.GMS.S.3F.TS.Ap.242 | M84: =L84 -> V.GMS.S.3F.TS.Ap.242 | N84: =VLOOKUP("*"&N$5&".Ap."&N83,Check[],1,FALSE) -> V.GMS.S.3G.TS.Ap.243 | O84: =N84 -> V.GMS.S.3G.TS.Ap.243 | P84: =VLOOKUP("*"&P$5&".Ap."&P83,Check[],1,FALSE) -> V.GMS.S.3A.TS.Ap.244 | Q84: =VLOOKUP("*"&Q$5&".Ap."&Q83,Check[],1,FALSE) -> S.S.2D.TS.Ap.245 | R84: =Q84 -> S.S.2D.TS.Ap.245 | S84: =VLOOKUP("*"&S$5&".Ap."&S83,Check[],1,FALSE) -> S.S.4C.TS.Ap.246 | T84: =S84 -> S.S.4C.TS.Ap.246 | U84: =T84 -> S.S.4C.TS.Ap.246 | V84: =VLOOKUP("*"&V$5&".Ap."&V83,Check[],1,FALSE) -> V.GM.S.5A.TS.Ap.247 | W84: =V84 -> V.GM.S.5A.TS.Ap.247 | X84: =V84 -> V.GM.S.5A.TS.Ap.247 | Y84: =VLOOKUP("*"&Y$5&".Ap."&Y83,Check[],1,FALSE) -> V.GMC.S.5B.TS.Ap.248 | Z84: =Y84 -> V.GMC.S.5B.TS.Ap.248 | AA84: =Y84 -> V.GMC.S.5B.TS.Ap.248 | AO84: =VLOOKUP("*"&AO$5&".Ap."&AO83,Check[],1,FALSE) -> V.GMC.S.5B.TN.Ap.239 | AP84: =AO84 -> V.GMC.S.5B.TN.Ap.239 | AQ84: =VLOOKUP("*"&AQ$5&".Ap."&AQ83,Check[],1,FALSE) -> S.S.5A.TN.Ap.240 | AR84: =AQ84 -> S.S.5A.TN.Ap.240 | AS84: =VLOOKUP("*"&AS$5&".Ap."&AS83,Check[],1,FALSE) -> S.S.4C.TN.Ap.241 | AT84: =AS84 -> S.S.4C.TN.Ap.241 | AU84: =AT84 -> S.S.4C.TN.Ap.241 | AV84: =VLOOKUP("*"&AV$5&".Ap."&AV83,Check[],1,FALSE) -> S.S.2D.TN.Ap.242 | AW84: =AV84 -> S.S.2D.TN.Ap.242 | AX84: =VLOOKUP("*"&AX$5&".Ap."&AX83,Check[],1,FALSE) -> S.S.3A.TN.Ap.236 | AY84: =VLOOKUP("*"&AY$5&".Ap."&AY83,Check[],1,FALSE) -> S.S.3G.TN.Ap.237 | AZ84: =AY84 -> S.S.3G.TN.Ap.237 | BA84: =AZ84 -> S.S.3G.TN.Ap.237 | BB84: =VLOOKUP("*"&BB$5&".Ap."&BB83,Check[],1,FALSE) -> V.GMS.S.3F.TN.Ap.238 | BC84: =BB84 -> V.GMS.S.3F.TN.Ap.238 | BL84: סטטוס | BM84: =BM88+1 -> 31 | BP84: סטטוס
C85: # צל | L85: =VLOOKUP(L84,Check[],5,FALSE) -> 242 | N85: =VLOOKUP(N84,Check[],5,FALSE) -> 243 | P85: =VLOOKUP(P84,Check[],5,FALSE) -> 244 | Q85: =VLOOKUP(Q84,Check[],5,FALSE) -> 245 | S85: =VLOOKUP(S84,Check[],5,FALSE) -> 246 | V85: =VLOOKUP(V84,Check[],5,FALSE) -> 247 | Y85: =VLOOKUP(Y84,Check[],5,FALSE) -> 248 | AC85: PH4 | AD85: =COUNTIF(Check[סימון],("V."&"*"&$AC85&"."&AD$5&"*")) -> 0 | AE85: =COUNTIF(Check[סימון],("S."&"*"&$AC85&"."&AE$5&"*")) -> 0 | AF85: =COUNTIF(Check[סימון],("O."&"*"&$AC85&"."&AF$5&"*")) -> 1 | AG85: =SUM(AD85:AF85) -> 1 | AH85: =SUM(AI85,AG85) -> 2 | AI85: =SUM(AJ85:AL85) -> 1 | AJ85: =COUNTIF(Check[סימון],("O."&"*"&$AC85&"."&AJ$5&"*")) -> 0 | AK85: =COUNTIF(Check[סימון],("S."&"*"&$AC85&"."&AK$5&"*")) -> 0 | AL85: =COUNTIF(Check[סימון],("V."&"*"&$AC85&"."&AL$5&"*")) -> 1 | AM85: PH4 | AO85: =VLOOKUP(AO84,Check[],5,FALSE) -> 239 | AQ85: =VLOOKUP(AQ84,Check[],5,FALSE) -> 240 | AS85: =VLOOKUP(AS84,Check[],5,FALSE) -> 241 | AV85: =VLOOKUP(AV84,Check[],5,FALSE) -> 242 | AX85: =VLOOKUP(AX84,Check[],5,FALSE) -> 236 | AY85: =VLOOKUP(AY84,Check[],5,FALSE) -> 237 | BB85: =VLOOKUP(BB84,Check[],5,FALSE) -> 238 | BL85: # צל | BP85: צל
B86: =B90+3.48 -> 114.4 | C86: טיפוס | L86: =VLOOKUP(L84,Check[],6,FALSE) -> 3101 | N86: =VLOOKUP(N84,Check[],6,FALSE) -> 3102 | P86: =VLOOKUP(P84,Check[],6,FALSE) -> 3103 | Q86: =VLOOKUP(Q84,Check[],6,FALSE) -> 3104 | S86: =VLOOKUP(S84,Check[],6,FALSE) -> 3105 | V86: =VLOOKUP(V84,Check[],6,FALSE) -> 3106 | Y86: =VLOOKUP(Y84,Check[],6,FALSE) -> 3107 | AO86: =VLOOKUP(AO84,Check[],6,FALSE) -> 3102 | AQ86: =VLOOKUP(AQ84,Check[],6,FALSE) -> 3103 | AS86: =VLOOKUP(AS84,Check[],6,FALSE) -> 3104 | AV86: =VLOOKUP(AV84,Check[],6,FALSE) -> 3105 | AX86: =VLOOKUP(AX84,Check[],6,FALSE) -> 3106 | AY86: =VLOOKUP(AY84,Check[],6,FALSE) -> 3107 | BB86: =VLOOKUP(BB84,Check[],6,FALSE) -> 3101 | BL86: טיפוס | BM86: =BM90+3.48 -> 114.4 | BP86: טיפוס
B87: =_xlfn.CONCAT("קומה ",B88) -> קומה 30 | C87: דירה | L87: =L91+7 -> 235 | N87: =N91+7 -> 236 | P87: =P91+7 -> 237 | Q87: =Q91+7 -> 238 | S87: =S91+7 -> 239 | V87: =V91+7 -> 240 | Y87: =Y91+7 -> 241 | AC87: PH5 | AD87: =COUNTIF(Check[סימון],("V."&"*"&$AC87&"."&AD$5&"*")) -> 0 | AE87: =COUNTIF(Check[סימון],("S."&"*"&$AC87&"."&AE$5&"*")) -> 0 | AF87: =COUNTIF(Check[סימון],("O."&"*"&$AC87&"."&AF$5&"*")) -> 1 | AG87: =SUM(AD87:AF87) -> 1 | AH87: =SUM(AI87,AG87) -> 2 | AI87: =SUM(AJ87:AL87) -> 1 | AJ87: =COUNTIF(Check[סימון],("O."&"*"&$AC87&"."&AJ$5&"*")) -> 0 | AK87: =COUNTIF(Check[סימון],("S."&"*"&$AC87&"."&AK$5&"*")) -> 1 | AL87: =COUNTIF(Check[סימון],("V."&"*"&$AC87&"."&AL$5&"*")) -> 0 | AM87: PH5 | AO87: =AO91+7 -> 232 | AQ87: =AQ91+7 -> 233 | AS87: =AS91+7 -> 234 | AV87: =AV91+7 -> 235 | AX87: =AX91+7 -> 229 | AY87: =AY91+7 -> 230 | BB87: =BB91+7 -> 231 | BL87: דירה | BM87: =_xlfn.CONCAT("קומה ",BM88) -> קומה 30 | BP87: דירה
B88: =B92+1 -> 30 | C88: סטטוס | L88: =VLOOKUP("*"&L$5&".Ap."&L87,Check[],1,FALSE) -> O.S.3F.TS.Ap.235 | M88: =L88 -> O.S.3F.TS.Ap.235 | N88: =VLOOKUP("*"&N$5&".Ap."&N87,Check[],1,FALSE) -> V.GMS.S.3G.TS.Ap.236 | O88: =N88 -> V.GMS.S.3G.TS.Ap.236 | P88: =VLOOKUP("*"&P$5&".Ap."&P87,Check[],1,FALSE) -> V.GMS.S.3A.TS.Ap.237 | Q88: =VLOOKUP("*"&Q$5&".Ap."&Q87,Check[],1,FALSE) -> S.S.2D.TS.Ap.238 | R88: =Q88 -> S.S.2D.TS.Ap.238 | S88: =VLOOKUP("*"&S$5&".Ap."&S87,Check[],1,FALSE) -> O.S.4C.TS.Ap.239 | T88: =S88 -> O.S.4C.TS.Ap.239 | U88: =T88 -> O.S.4C.TS.Ap.239 | V88: =VLOOKUP("*"&V$5&".Ap."&V87,Check[],1,FALSE) -> V.GM.S.5A.TS.Ap.240 | W88: =V88 -> V.GM.S.5A.TS.Ap.240 | X88: =V88 -> V.GM.S.5A.TS.Ap.240 | Y88: =VLOOKUP("*"&Y$5&".Ap."&Y87,Check[],1,FALSE) -> V.GMC.S.5B.TS.Ap.241 | Z88: =Y88 -> V.GMC.S.5B.TS.Ap.241 | AA88: =Y88 -> V.GMC.S.5B.TS.Ap.241 | AO88: =VLOOKUP("*"&AO$5&".Ap."&AO87,Check[],1,FALSE) -> V.GMS.S.5B.TN.Ap.232 | AP88: =AO88 -> V.GMS.S.5B.TN.Ap.232 | AQ88: =VLOOKUP("*"&AQ$5&".Ap."&AQ87,Check[],1,FALSE) -> O.S.5A.TN.Ap.233 | AR88: =AQ88 -> O.S.5A.TN.Ap.233 | AS88: =VLOOKUP("*"&AS$5&".Ap."&AS87,Check[],1,FALSE) -> O.S.4C.TN.Ap.234 | AT88: =AS88 -> O.S.4C.TN.Ap.234 | AU88: =AT88 -> O.S.4C.TN.Ap.234 | AV88: =VLOOKUP("*"&AV$5&".Ap."&AV87,Check[],1,FALSE) -> S.S.2D.TN.Ap.235 | AW88: =AV88 -> S.S.2D.TN.Ap.235 | AX88: =VLOOKUP("*"&AX$5&".Ap."&AX87,Check[],1,FALSE) -> S.S.3A.TN.Ap.229 | AY88: =VLOOKUP("*"&AY$5&".Ap."&AY87,Check[],1,FALSE) -> S.S.3G.TN.Ap.230 | AZ88: =AY88 -> S.S.3G.TN.Ap.230 | BA88: =AZ88 -> S.S.3G.TN.Ap.230 | BB88: =VLOOKUP("*"&BB$5&".Ap."&BB87,Check[],1,FALSE) -> V.GMS.S.3F.TN.Ap.231 | BC88: =BB88 -> V.GMS.S.3F.TN.Ap.231 | BL88: סטטוס | BM88: =BM92+1 -> 30 | BP88: סטטוס
C89: # צל | L89: =VLOOKUP(L88,Check[],5,FALSE) -> 235 | N89: =VLOOKUP(N88,Check[],5,FALSE) -> 236 | P89: =VLOOKUP(P88,Check[],5,FALSE) -> 237 | Q89: =VLOOKUP(Q88,Check[],5,FALSE) -> 238 | S89: =VLOOKUP(S88,Check[],5,FALSE) -> 239 | V89: =VLOOKUP(V88,Check[],5,FALSE) -> 240 | Y89: =VLOOKUP(Y88,Check[],5,FALSE) -> 241 | AC89: סה"כ | AD89: =SUM(AD27:AD87) -> 83 | AE89: =SUM(AE27:AE87) -> 142 | AF89: =SUM(AF27:AF87) -> 104 | AG89: =SUM(AG27:AG87) -> 329 | AH89: =SUM(AH27:AH87) -> 658 | AI89: =SUM(AI27:AI87) -> 329 | AJ89: =SUM(AJ27:AJ87) -> 53 | AK89: =SUM(AK27:AK87) -> 226 | AL89: =SUM(AL27:AL87) -> 50 | AM89: סה"כ | AO89: =VLOOKUP(AO88,Check[],5,FALSE) -> 232 | AQ89: =VLOOKUP(AQ88,Check[],5,FALSE) -> 233 | AS89: =VLOOKUP(AS88,Check[],5,FALSE) -> 234 | AV89: =VLOOKUP(AV88,Check[],5,FALSE) -> 235 | AX89: =VLOOKUP(AX88,Check[],5,FALSE) -> 229 | AY89: =VLOOKUP(AY88,Check[],5,FALSE) -> 230 | BB89: =VLOOKUP(BB88,Check[],5,FALSE) -> 231 | BL89: # צל | BP89: צל
B90: =B94+3.48 -> 110.92 | C90: טיפוס | L90: =VLOOKUP(L88,Check[],6,FALSE) -> 3001 | N90: =VLOOKUP(N88,Check[],6,FALSE) -> 3002 | P90: =VLOOKUP(P88,Check[],6,FALSE) -> 3003 | Q90: =VLOOKUP(Q88,Check[],6,FALSE) -> 3004 | S90: =VLOOKUP(S88,Check[],6,FALSE) -> 3005 | V90: =VLOOKUP(V88,Check[],6,FALSE) -> 3006 | Y90: =VLOOKUP(Y88,Check[],6,FALSE) -> 3007 | AO90: =VLOOKUP(AO88,Check[],6,FALSE) -> 3002 | AQ90: =VLOOKUP(AQ88,Check[],6,FALSE) -> 3003 | AS90: =VLOOKUP(AS88,Check[],6,FALSE) -> 3004 | AV90: =VLOOKUP(AV88,Check[],6,FALSE) -> 3005 | AX90: =VLOOKUP(AX88,Check[],6,FALSE) -> 3006 | AY90: =VLOOKUP(AY88,Check[],6,FALSE) -> 3007 | BB90: =VLOOKUP(BB88,Check[],6,FALSE) -> 3001 | BL90: טיפוס | BM90: =BM94+3.48 -> 110.92 | BP90: טיפוס
B91: =_xlfn.CONCAT("קומה ",B92) -> קומה 29 | C91: דירה | L91: =L95+7 -> 228 | N91: =N95+7 -> 229 | P91: =P95+7 -> 230 | Q91: =Q95+7 -> 231 | S91: =S95+7 -> 232 | V91: =V95+7 -> 233 | Y91: =Y95+7 -> 234 | AF91: סה"כ בעלים | AH91: =AJ89+AF89 -> 157 | AO91: =AO95+7 -> 225 | AQ91: =AQ95+7 -> 226 | AS91: =AS95+7 -> 227 | AV91: =AV95+7 -> 228 | AX91: =AX95+7 -> 222 | AY91: =AY95+7 -> 223 | BB91: =BB95+7 -> 224 | BL91: דירה | BM91: =_xlfn.CONCAT("קומה ",BM92) -> קומה 29 | BP91: דירה
B92: =B96+1 -> 29 | C92: סטטוס | L92: =VLOOKUP("*"&L$5&".Ap."&L91,Check[],1,FALSE) -> S.S.3F.TS.Ap.228 | M92: =L92 -> S.S.3F.TS.Ap.228 | N92: =VLOOKUP("*"&N$5&".Ap."&N91,Check[],1,FALSE) -> V.GMS.S.3G.TS.Ap.229 | O92: =N92 -> V.GMS.S.3G.TS.Ap.229 | P92: =VLOOKUP("*"&P$5&".Ap."&P91,Check[],1,FALSE) -> V.GMC.S.3A.TS.Ap.230 | Q92: =VLOOKUP("*"&Q$5&".Ap."&Q91,Check[],1,FALSE) -> S.S.2D.TS.Ap.231 | R92: =Q92 -> S.S.2D.TS.Ap.231 | S92: =VLOOKUP("*"&S$5&".Ap."&S91,Check[],1,FALSE) -> O.S.4C.TS.Ap.232 | T92: =S92 -> O.S.4C.TS.Ap.232 | U92: =T92 -> O.S.4C.TS.Ap.232 | V92: =VLOOKUP("*"&V$5&".Ap."&V91,Check[],1,FALSE) -> O.S.5A.TS.Ap.233 | W92: =V92 -> O.S.5A.TS.Ap.233 | X92: =V92 -> O.S.5A.TS.Ap.233 | Y92: =VLOOKUP("*"&Y$5&".Ap."&Y91,Check[],1,FALSE) -> V.GMC.S.5B.TS.Ap.234 | Z92: =Y92 -> V.GMC.S.5B.TS.Ap.234 | AA92: =Y92 -> V.GMC.S.5B.TS.Ap.234 | AO92: =VLOOKUP("*"&AO$5&".Ap."&AO91,Check[],1,FALSE) -> V.GMC.S.5B.TN.Ap.225 | AP92: =AO92 -> V.GMC.S.5B.TN.Ap.225 | AQ92: =VLOOKUP("*"&AQ$5&".Ap."&AQ91,Check[],1,FALSE) -> S.S.5A.TN.Ap.226 | AR92: =AQ92 -> S.S.5A.TN.Ap.226 | AS92: =VLOOKUP("*"&AS$5&".Ap."&AS91,Check[],1,FALSE) -> S.S.4C.TN.Ap.227 | AT92: =AS92 -> S.S.4C.TN.Ap.227 | AU92: =AT92 -> S.S.4C.TN.Ap.227 | AV92: =VLOOKUP("*"&AV$5&".Ap."&AV91,Check[],1,FALSE) -> S.S.2D.TN.Ap.228 | AW92: =AV92 -> S.S.2D.TN.Ap.228 | AX92: =VLOOKUP("*"&AX$5&".Ap."&AX91,Check[],1,FALSE) -> V.GMS.S.3A.TN.Ap.222 | AY92: =VLOOKUP("*"&AY$5&".Ap."&AY91,Check[],1,FALSE) -> V.GMS.S.3G.TN.Ap.223 | AZ92: =AY92 -> V.GMS.S.3G.TN.Ap.223 | BA92: =AZ92 -> V.GMS.S.3G.TN.Ap.223 | BB92: =VLOOKUP("*"&BB$5&".Ap."&BB91,Check[],1,FALSE) -> V.GMS.S.3F.TN.Ap.224 | BC92: =BB92 -> V.GMS.S.3F.TN.Ap.224 | BL92: סטטוס | BM92: =BM96+1 -> 29 | BP92: סטטוס
C93: # צל | L93: =VLOOKUP(L92,Check[],5,FALSE) -> 228 | N93: =VLOOKUP(N92,Check[],5,FALSE) -> 229 | P93: =VLOOKUP(P92,Check[],5,FALSE) -> 230 | Q93: =VLOOKUP(Q92,Check[],5,FALSE) -> 231 | S93: =VLOOKUP(S92,Check[],5,FALSE) -> 232 | V93: =VLOOKUP(V92,Check[],5,FALSE) -> 233 | Y93: =VLOOKUP(Y92,Check[],5,FALSE) -> 234 | AF93: סה"כ מכורות | AH93: =AK89+AE89 -> 368 | AO93: =VLOOKUP(AO92,Check[],5,FALSE) -> 225 | AQ93: =VLOOKUP(AQ92,Check[],5,FALSE) -> 226 | AS93: =VLOOKUP(AS92,Check[],5,FALSE) -> 227 | AV93: =VLOOKUP(AV92,Check[],5,FALSE) -> 228 | AX93: =VLOOKUP(AX92,Check[],5,FALSE) -> 222 | AY93: =VLOOKUP(AY92,Check[],5,FALSE) -> 223 | BB93: =VLOOKUP(BB92,Check[],5,FALSE) -> 224 | BL93: # צל | BP93: צל
B94: =B98+3.48 -> 107.44 | C94: טיפוס | L94: =VLOOKUP(L92,Check[],6,FALSE) -> 2901 | N94: =VLOOKUP(N92,Check[],6,FALSE) -> 2902 | P94: =VLOOKUP(P92,Check[],6,FALSE) -> 2903 | Q94: =VLOOKUP(Q92,Check[],6,FALSE) -> 2904 | S94: =VLOOKUP(S92,Check[],6,FALSE) -> 2905 | V94: =VLOOKUP(V92,Check[],6,FALSE) -> 2906 | Y94: =VLOOKUP(Y92,Check[],6,FALSE) -> 2907 | AO94: =VLOOKUP(AO92,Check[],6,FALSE) -> 2902 | AQ94: =VLOOKUP(AQ92,Check[],6,FALSE) -> 2903 | AS94: =VLOOKUP(AS92,Check[],6,FALSE) -> 2904 | AV94: =VLOOKUP(AV92,Check[],6,FALSE) -> 2905 | AX94: =VLOOKUP(AX92,Check[],6,FALSE) -> 2906 | AY94: =VLOOKUP(AY92,Check[],6,FALSE) -> 2907 | BB94: =VLOOKUP(BB92,Check[],6,FALSE) -> 2901 | BL94: טיפוס | BM94: =BM98+3.48 -> 107.44 | BP94: טיפוס
B95: =_xlfn.CONCAT("קומה ",B96) -> קומה 28 | C95: דירה | E95: ח | F95: ח | G95: ח | L95: =L99+7 -> 221 | N95: =N99+7 -> 222 | P95: =P99+7 -> 223 | Q95: =Q99+7 -> 224 | S95: =S99+7 -> 225 | V95: =V99+7 -> 226 | Y95: =Y99+7 -> 227 | AF95: סה"כ לא מכורות | AH95: =AL89+AD89 -> 133 | AO95: =AO99+7 -> 218 | AQ95: =AQ99+7 -> 219 | AS95: =AS99+7 -> 220 | AV95: =AV99+7 -> 221 | AX95: =AX99+7 -> 215 | AY95: =AY99+7 -> 216 | BB95: =BB99+7 -> 217 | BH95: ח | BI95: ח | BJ95: ח | BL95: דירה | BM95: =_xlfn.CONCAT("קומה ",BM96) -> קומה 28 | BP95: דירה
B96: =B100+1 -> 28 | C96: סטטוס | L96: =VLOOKUP("*"&L$5&".Ap."&L95,Check[],1,FALSE) -> S.S.3F.TS.Ap.221 | M96: =L96 -> S.S.3F.TS.Ap.221 | N96: =VLOOKUP("*"&N$5&".Ap."&N95,Check[],1,FALSE) -> V.GMS.S.3G.TS.Ap.222 | O96: =N96 -> V.GMS.S.3G.TS.Ap.222 | P96: =VLOOKUP("*"&P$5&".Ap."&P95,Check[],1,FALSE) -> V.GMS.S.3A.TS.Ap.223 | Q96: =VLOOKUP("*"&Q$5&".Ap."&Q95,Check[],1,FALSE) -> S.S.2D.TS.Ap.224 | R96: =Q96 -> S.S.2D.TS.Ap.224 | S96: =VLOOKUP("*"&S$5&".Ap."&S95,Check[],1,FALSE) -> O.S.4C.TS.Ap.225 | T96: =S96 -> O.S.4C.TS.Ap.225 | U96: =T96 -> O.S.4C.TS.Ap.225 | V96: =VLOOKUP("*"&V$5&".Ap."&V95,Check[],1,FALSE) -> O.S.5A.TS.Ap.226 | W96: =V96 -> O.S.5A.TS.Ap.226 | X96: =V96 -> O.S.5A.TS.Ap.226 | Y96: =VLOOKUP("*"&Y$5&".Ap."&Y95,Check[],1,FALSE) -> V.GMC.S.5B.TS.Ap.227 | Z96: =Y96 -> V.GMC.S.5B.TS.Ap.227 | AA96: =Y96 -> V.GMC.S.5B.TS.Ap.227 | AO96: =VLOOKUP("*"&AO$5&".Ap."&AO95,Check[],1,FALSE) -> S.S.5B.TN.Ap.218 | AP96: =AO96 -> S.S.5B.TN.Ap.218 | AQ96: =VLOOKUP("*"&AQ$5&".Ap."&AQ95,Check[],1,FALSE) -> S.S.5A.TN.Ap.219 | AR96: =AQ96 -> S.S.5A.TN.Ap.219 | AS96: =VLOOKUP("*"&AS$5&".Ap."&AS95,Check[],1,FALSE) -> O.S.4C.TN.Ap.220 | AT96: =AS96 -> O.S.4C.TN.Ap.220 | AU96: =AT96 -> O.S.4C.TN.Ap.220 | AV96: =VLOOKUP("*"&AV$5&".Ap."&AV95,Check[],1,FALSE) -> V.GMS.S.2D.TN.Ap.221 | AW96: =AV96 -> V.GMS.S.2D.TN.Ap.221 | AX96: =VLOOKUP("*"&AX$5&".Ap."&AX95,Check[],1,FALSE) -> S.S.3A.TN.Ap.215 | AY96: =VLOOKUP("*"&AY$5&".Ap."&AY95,Check[],1,FALSE) -> S.S.3G.TN.Ap.216 | AZ96: =AY96 -> S.S.3G.TN.Ap.216 | BA96: =AZ96 -> S.S.3G.TN.Ap.216 | BB96: =VLOOKUP("*"&BB$5&".Ap."&BB95,Check[],1,FALSE) -> V.GMS.S.3F.TN.Ap.217 | BC96: =BB96 -> V.GMS.S.3F.TN.Ap.217 | BL96: סטטוס | BM96: =BM100+1 -> 28 | BP96: סטטוס
C97: # צל | L97: =VLOOKUP(L96,Check[],5,FALSE) -> 221 | N97: =VLOOKUP(N96,Check[],5,FALSE) -> 222 | P97: =VLOOKUP(P96,Check[],5,FALSE) -> 223 | Q97: =VLOOKUP(Q96,Check[],5,FALSE) -> 224 | S97: =VLOOKUP(S96,Check[],5,FALSE) -> 225 | V97: =VLOOKUP(V96,Check[],5,FALSE) -> 226 | Y97: =VLOOKUP(Y96,Check[],5,FALSE) -> 227 | AO97: =VLOOKUP(AO96,Check[],5,FALSE) -> 218 | AQ97: =VLOOKUP(AQ96,Check[],5,FALSE) -> 219 | AS97: =VLOOKUP(AS96,Check[],5,FALSE) -> 220 | AV97: =VLOOKUP(AV96,Check[],5,FALSE) -> 221 | AX97: =VLOOKUP(AX96,Check[],5,FALSE) -> 215 | AY97: =VLOOKUP(AY96,Check[],5,FALSE) -> 216 | BB97: =VLOOKUP(BB96,Check[],5,FALSE) -> 217 | BL97: # צל | BP97: צל
B98: =B102+3.48 -> 103.96 | C98: טיפוס | L98: =VLOOKUP(L96,Check[],6,FALSE) -> 2801 | N98: =VLOOKUP(N96,Check[],6,FALSE) -> 2802 | P98: =VLOOKUP(P96,Check[],6,FALSE) -> 2803 | Q98: =VLOOKUP(Q96,Check[],6,FALSE) -> 2804 | S98: =VLOOKUP(S96,Check[],6,FALSE) -> 2805 | V98: =VLOOKUP(V96,Check[],6,FALSE) -> 2806 | Y98: =VLOOKUP(Y96,Check[],6,FALSE) -> 2807 | AO98: =VLOOKUP(AO96,Check[],6,FALSE) -> 2802 | AQ98: =VLOOKUP(AQ96,Check[],6,FALSE) -> 2803 | AS98: =VLOOKUP(AS96,Check[],6,FALSE) -> 2804 | AV98: =VLOOKUP(AV96,Check[],6,FALSE) -> 2805 | AX98: =VLOOKUP(AX96,Check[],6,FALSE) -> 2806 | AY98: =VLOOKUP(AY96,Check[],6,FALSE) -> 2807 | BB98: =VLOOKUP(BB96,Check[],6,FALSE) -> 2801 | BL98: טיפוס | BM98: =BM102+3.48 -> 103.96 | BP98: טיפוס
B99: =_xlfn.CONCAT("קומה ",B100) -> קומה 27 | C99: דירה | L99: =L103+7 -> 214 | N99: =N103+7 -> 215 | P99: =P103+7 -> 216 | Q99: =Q103+7 -> 217 | S99: =S103+7 -> 218 | V99: =V103+7 -> 219 | Y99: =Y103+7 -> 220 | AO99: =AO103+7 -> 211 | AQ99: =AQ103+7 -> 212 | AS99: =AS103+7 -> 213 | AV99: =AV103+7 -> 214 | AX99: =AX103+7 -> 208 | AY99: =AY103+7 -> 209 | BB99: =BB103+7 -> 210 | BL99: דירה | BM99: =_xlfn.CONCAT("קומה ",BM100) -> קומה 27 | BP99: דירה
B100: =B104+1 -> 27 | C100: סטטוס | L100: =VLOOKUP("*"&L$5&".Ap."&L99,Check[],1,FALSE) -> S.S.3F.TS.Ap.214 | M100: =L100 -> S.S.3F.TS.Ap.214 | N100: =VLOOKUP("*"&N$5&".Ap."&N99,Check[],1,FALSE) -> V.GMS.S.3G.TS.Ap.215 | O100: =N100 -> V.GMS.S.3G.TS.Ap.215 | P100: =VLOOKUP("*"&P$5&".Ap."&P99,Check[],1,FALSE) -> V.GMS.S.3A.TS.Ap.216 | Q100: =VLOOKUP("*"&Q$5&".Ap."&Q99,Check[],1,FALSE) -> S.S.2D.TS.Ap.217 | R100: =Q100 -> S.S.2D.TS.Ap.217 | S100: =VLOOKUP("*"&S$5&".Ap."&S99,Check[],1,FALSE) -> O.S.4C.TS.Ap.218 | T100: =S100 -> O.S.4C.TS.Ap.218 | U100: =T100 -> O.S.4C.TS.Ap.218 | V100: =VLOOKUP("*"&V$5&".Ap."&V99,Check[],1,FALSE) -> O.S.5A.TS.Ap.219 | W100: =V100 -> O.S.5A.TS.Ap.219 | X100: =V100 -> O.S.5A.TS.Ap.219 | Y100: =VLOOKUP("*"&Y$5&".Ap."&Y99,Check[],1,FALSE) -> V.GMC.S.5B.TS.Ap.220 | Z100: =Y100 -> V.GMC.S.5B.TS.Ap.220 | AA100: =Y100 -> V.GMC.S.5B.TS.Ap.220 | AO100: =VLOOKUP("*"&AO$5&".Ap."&AO99,Check[],1,FALSE) -> S.S.5B.TN.Ap.211 | AP100: =AO100 -> S.S.5B.TN.Ap.211 | AQ100: =VLOOKUP("*"&AQ$5&".Ap."&AQ99,Check[],1,FALSE) -> S.S.5A.TN.Ap.212 | AR100: =AQ100 -> S.S.5A.TN.Ap.212 | AS100: =VLOOKUP("*"&AS$5&".Ap."&AS99,Check[],1,FALSE) -> O.S.4C.TN.Ap.213 | AT100: =AS100 -> O.S.4C.TN.Ap.213 | AU100: =AT100 -> O.S.4C.TN.Ap.213 | AV100: =VLOOKUP("*"&AV$5&".Ap."&AV99,Check[],1,FALSE) -> V.GMS.S.2D.TN.Ap.214 | AW100: =AV100 -> V.GMS.S.2D.TN.Ap.214 | AX100: =VLOOKUP("*"&AX$5&".Ap."&AX99,Check[],1,FALSE) -> V.GMS.S.3A.TN.Ap.208 | AY100: =VLOOKUP("*"&AY$5&".Ap."&AY99,Check[],1,FALSE) -> S.S.3G.TN.Ap.209 | AZ100: =AY100 -> S.S.3G.TN.Ap.209 | BA100: =AZ100 -> S.S.3G.TN.Ap.209 | BB100: =VLOOKUP("*"&BB$5&".Ap."&BB99,Check[],1,FALSE) -> V.GMS.S.3F.TN.Ap.210 | BC100: =BB100 -> V.GMS.S.3F.TN.Ap.210 | BL100: סטטוס | BM100: =BM104+1 -> 27 | BP100: סטטוס
...

Sheet טבלת סטטוס
A2: סימון | B2: סימון2 | C2: מגדל | D2: קומה | E2: מספר דירה | F2: מספר צל | G2: טיפוס | H2: מספר חדרים | I2: סוג | J2: סוג מרפסת | K2: סטטוס | L2: סטטוס2 | M2: סטטוס מסירה | N2: סטטוס גמר | O2: הערות טבלה אלון | P2: סטטוס ביצוע-תוכניות +בחירות גמר | Q2: עדכון ע"פ מייל ליאור מיום 02/06/2026 (14/06/2026) | R2: ספק ריצופים וכלים סניטרים | S2: תאריך חתימה | T2: שם רוכש/בעלים | U2: שיוך חניה 1 | V2: שיוך חניה 2 | W2: שיוך מחסן | Y2: מקרא לגמר דירות ע"פ PDF 31/03/2026
A3: =_xlfn.CONCAT(VLOOKUP(Check[[#This Row],[סטטוס]],Sold,2,FALSE),IF(Check[[#This Row],[סטטוס]]="פנויה",IF(N3="גמר מלא סטנדרט",".GMS",IF(N3="גמר מלא טיוב חומרים",".GMC",IF(N3="גמר מינימלי",".GM",IF(N3="דירת שיווק",".DS","")))),""),".",VLOOKUP(Check[[#This Row],[טיפוס]],Tipus[],5,FALSE),".",VLOOKUP(Check[[#This Row],[מגדל]],Tower,2,FALSE),".Ap.",Check[[#This Row],[מספר דירה]]) -> O.S.2C.TS.Ap.1 | B3: =_xlfn.CONCAT(VLOOKUP(Check[[#This Row],[סטטוס]],Sold,2,FALSE),IF(Check[[#This Row],[סטטוס]]="פנויה",IF(N3="גמר מלא סטנדרט",".GMS",IF(N3="גמר מלא טיוב חומרים",".GMC",IF(N3="גמר מינימלי",".GM",IF(N3="דירת שיווק",".DS","")))),""),IF(M3="זומן לטרום",".ZLT",IF(M3="טרום מסירה",".TM",IF(M3="טרום מסירה מהנדס",".TMM",IF(M3="מסירת חזקה",".MH",IF(M3="מסירת חזקה מהנדס",".MHM",""))))),".",VLOOKUP(Check[[#This Row],[טיפוס]],Tipus[],5,FALSE),".",VLOOKUP(Check[[#This Row],[מגדל]],Tower,2,FALSE),".Ap.",Check[[#This Row],[מספר דירה]]) -> O.MH.S.2C.TS.Ap.1 | C3: דרומי | D3: 1 | E3: 1 | F3: 101 | G3: 2C* | H3: =VLOOKUP(Check[[#This Row],[טיפוס]],Tipus[],2,FALSE) -> 2 | I3: =VLOOKUP(Check[[#This Row],[טיפוס]],Tipus[],3,FALSE) -> סטנדרט | J3: =VLOOKUP(Check[[#This Row],[טיפוס]],Tipus[],4,FALSE) -> E | K3: =IF(Check[[#This Row],[סטטוס2]]="הולד","פנויה",Check[[#This Row],[סטטוס2]]) -> בעלים | L3: בעלים | M3: מסירת חזקה | S3: 44040 | T3: ישפה נדל"ן בע"מ | W3: 3-12 | Y3: גמר מינימלי
A4: =_xlfn.CONCAT(VLOOKUP(Check[[#This Row],[סטטוס]],Sold,2,FALSE),IF(Check[[#This Row],[סטטוס]]="פנויה",IF(N4="גמר מלא סטנדרט",".GMS",IF(N4="גמר מלא טיוב חומרים",".GMC",IF(N4="גמר מינימלי",".GM",IF(N4="דירת שיווק",".DS","")))),""),".",VLOOKUP(Check[[#This Row],[טיפוס]],Tipus[],5,FALSE),".",VLOOKUP(Check[[#This Row],[מגדל]],Tower,2,FALSE),".Ap.",Check[[#This Row],[מספר דירה]]) -> O.S.4G.TS.Ap.2 | B4: =_xlfn.CONCAT(VLOOKUP(Check[[#This Row],[סטטוס]],Sold,2,FALSE),IF(Check[[#This Row],[סטטוס]]="פנויה",IF(N4="גמר מלא סטנדרט",".GMS",IF(N4="גמר מלא טיוב חומרים",".GMC",IF(N4="גמר מינימלי",".GM",IF(N4="דירת שיווק",".DS","")))),""),IF(M4="זומן לטרום",".ZLT",IF(M4="טרום מסירה",".TM",IF(M4="טרום מסירה מהנדס",".TMM",IF(M4="מסירת חזקה",".MH",IF(M4="מסירת חזקה מהנדס",".MHM",""))))),".",VLOOKUP(Check[[#This Row],[טיפוס]],Tipus[],5,FALSE),".",VLOOKUP(Check[[#This Row],[מגדל]],Tower,2,FALSE),".Ap.",Check[[#This Row],[מספר דירה]]) -> O.S.4G.TS.Ap.2 | C4: דרומי | D4: 1 | E4: 2 | F4: 102 | G4: 4G | H4: =VLOOKUP(Check[[#This Row],[טיפוס]],Tipus[],2,FALSE) -> 4 | I4: =VLOOKUP(Check[[#This Row],[טיפוס]],Tipus[],3,FALSE) -> סטנדרט | J4: =VLOOKUP(Check[[#This Row],[טיפוס]],Tipus[],4,FALSE) -> 4G | K4: =IF(Check[[#This Row],[סטטוס2]]="הולד","פנויה",Check[[#This Row],[סטטוס2]]) -> בעלים | L4: בעלים | S4: 44040 | T4: אביעד שוב | U4: 5064 | V4: 5064A | Y4: גמר מלא סטנדרט
A5: =_xlfn.CONCAT(VLOOKUP(Check[[#This Row],[סטטוס]],Sold,2,FALSE),IF(Check[[#This Row],[סטטוס]]="פנויה",IF(N5="גמר מלא סטנדרט",".GMS",IF(N5="גמר מלא טיוב חומרים",".GMC",IF(N5="גמר מינימלי",".GM",IF(N5="דירת שיווק",".DS","")))),""),".",VLOOKUP(Check[[#This Row],[טיפוס]],Tipus[],5,FALSE),".",VLOOKUP(Check[[#This Row],[מגדל]],Tower,2,FALSE),".Ap.",Check[[#This Row],[מספר דירה]]) -> O.S.4H.TS.Ap.3 | B5: =_xlfn.CONCAT(VLOOKUP(Check[[#This Row],[סטטוס]],Sold,2,FALSE),IF(Check[[#This Row],[סטטוס]]="פנויה",IF(N5="גמר מלא סטנדרט",".GMS",IF(N5="גמר מלא טיוב חומרים",".GMC",IF(N5="גמר מינימלי",".GM",IF(N5="דירת שיווק",".DS","")))),""),IF(M5="זומן לטרום",".ZLT",IF(M5="טרום מסירה",".TM",IF(M5="טרום מסירה מהנדס",".TMM",IF(M5="מסירת חזקה",".MH",IF(M5="מסירת חזקה מהנדס",".MHM",""))))),".",VLOOKUP(Check[[#This Row],[טיפוס]],Tipus[],5,FALSE),".",VLOOKUP(Check[[#This Row],[מגדל]],Tower,2,FALSE),".Ap.",Check[[#This Row],[מספר דירה]]) -> O.S.4H.TS.Ap.3 | C5: דרומי | D5: 1 | E5: 3 | F5: 103 | G5: 4H | H5: =VLOOKUP(Check[[#This Row],[טיפוס]],Tipus[],2,FALSE) -> 4 | I5: =VLOOKUP(Check[[#This Row],[טיפוס]],Tipus[],3,FALSE) -> סטנדרט | J5: =VLOOKUP(Check[[#This Row],[טיפוס]],Tipus[],4,FALSE) -> 4H | K5: =IF(Check[[#This Row],[סטטוס2]]="הולד","פנויה",Check[[#This Row],[סטטוס2]]) -> בעלים | L5: בעלים | S5: 44040 | T5: יוסף יחזקאל | U5: 5065 | V5: 5065A | W5: 3-35 | Y5: גמר מלא- טיוב תכנון
A6: =_xlfn.CONCAT(VLOOKUP(Check[[#This Row],[סטטוס]],Sold,2,FALSE),IF(Check[[#This Row],[סטטוס]]="פנויה",IF(N6="גמר מלא סטנדרט",".GMS",IF(N6="גמר מלא טיוב חומרים",".GMC",IF(N6="גמר מינימלי",".GM",IF(N6="דירת שיווק",".DS","")))),""),".",VLOOKUP(Check[[#This Row],[טיפוס]],Tipus[],5,FALSE),".",VLOOKUP(Check[[#This Row],[מגדל]],Tower,2,FALSE),".Ap.",Check[[#This Row],[מספר דירה]]) -> S.S.2A.TS.Ap.4 | B6: =_xlfn.CONCAT(VLOOKUP(Check[[#This Row],[סטטוס]],Sold,2,FALSE),IF(Check[[#This Row],[סטטוס]]="פנויה",IF(N6="גמר מלא סטנדרט",".GMS",IF(N6="גמר מלא טיוב חומרים",".GMC",IF(N6="גמר מינימלי",".GM",IF(N6="דירת שיווק",".DS","")))),""),IF(M6="זומן לטרום",".ZLT",IF(M6="טרום מסירה",".TM",IF(M6="טרום מסירה מהנדס",".TMM",IF(M6="מסירת חזקה",".MH",IF(M6="מסירת חזקה מהנדס",".MHM",""))))),".",VLOOKUP(Check[[#This Row],[טיפוס]],Tipus[],5,FALSE),".",VLOOKUP(Check[[#This Row],[מגדל]],Tower,2,FALSE),".Ap.",Check[[#This Row],[מספר דירה]]) -> S.S.2A.TS.Ap.4 | C6: דרומי | D6: 2 | E6: 4 | F6: 201 | G6: 2A | H6: =VLOOKUP(Check[[#This Row],[טיפוס]],Tipus[],2,FALSE) -> 2 | I6: =VLOOKUP(Check[[#This Row],[טיפוס]],Tipus[],3,FALSE) -> סטנדרט | J6: =VLOOKUP(Check[[#This Row],[טיפוס]],Tipus[],4,FALSE) -> G | K6: =IF(Check[[#This Row],[סטטוס2]]="הולד","פנויה",Check[[#This Row],[סטטוס2]]) -> מכורה | L6: מכורה | S6: 44521 | T6: תומר קוקו השקעות בע"מ | Y6: דירות זוהר לוי -160 מ"ר
A7: =_xlfn.CONCAT(VLOOKUP(Check[[#This Row],[סטטוס]],Sold,2,FALSE),IF(Check[[#This Row],[סטטוס]]="פנויה",IF(N7="גמר מלא סטנדרט",".GMS",IF(N7="גמר מלא טיוב חומרים",".GMC",IF(N7="גמר מינימלי",".GM",IF(N7="דירת שיווק",".DS","")))),""),".",VLOOKUP(Check[[#This Row],[טיפוס]],Tipus[],5,FALSE),".",VLOOKUP(Check[[#This Row],[מגדל]],Tower,2,FALSE),".Ap.",Check[[#This Row],[מספר דירה]]) -> O.S.2B.TS.Ap.5 | B7: =_xlfn.CONCAT(VLOOKUP(Check[[#This Row],[סטטוס]],Sold,2,FALSE),IF(Check[[#This Row],[סטטוס]]="פנויה",IF(N7="גמר מלא סטנדרט",".GMS",IF(N7="גמר מלא טיוב חומרים",".GMC",IF(N7="גמר מינימלי",".GM",IF(N7="דירת שיווק",".DS","")))),""),IF(M7="זומן לטרום",".ZLT",IF(M7="טרום מסירה",".TM",IF(M7="טרום מסירה מהנדס",".TMM",IF(M7="מסירת חזקה",".MH",IF(M7="מסירת חזקה מהנדס",".MHM",""))))),".",VLOOKUP(Check[[#This Row],[טיפוס]],Tipus[],5,FALSE),".",VLOOKUP(Check[[#This Row],[מגדל]],Tower,2,FALSE),".Ap.",Check[[#This Row],[מספר דירה]]) -> O.S.2B.TS.Ap.5 | C7: דרומי | D7: 2 | E7: 5 | F7: 202 | G7: 2B | H7: =VLOOKUP(Check[[#This Row],[טיפוס]],Tipus[],2,FALSE) -> 2 | I7: =VLOOKUP(Check[[#This Row],[טיפוס]],Tipus[],3,FALSE) -> סטנדרט | J7: =VLOOKUP(Check[[#This Row],[טיפוס]],Tipus[],4,FALSE) -> F | K7: =IF(Check[[#This Row],[סטטוס2]]="הולד","פנויה",Check[[#This Row],[סטטוס2]]) -> בעלים | L7: בעלים | S7: 44040 | T7: טובה ראט זלצר | W7: 3-50 | Y7: דירות זוהר לוי -4 חדרים
A8: =_xlfn.CONCAT(VLOOKUP(Check[[#This Row],[סטטוס]],Sold,2,FALSE),IF(Check[[#This Row],[סטטוס]]="פנויה",IF(N8="גמר מלא סטנדרט",".GMS",IF(N8="גמר מלא טיוב חומרים",".GMC",IF(N8="גמר מינימלי",".GM",IF(N8="דירת שיווק",".DS","")))),""),".",VLOOKUP(Check[[#This Row],[טיפוס]],Tipus[],5,FALSE),".",VLOOKUP(Check[[#This Row],[מגדל]],Tower,2,FALSE),".Ap.",Check[[#This Row],[מספר דירה]]) -> O.S.2C.TS.Ap.6 | B8: =_xlfn.CONCAT(VLOOKUP(Check[[#This Row],[סטטוס]],Sold,2,FALSE),IF(Check[[#This Row],[סטטוס]]="פנויה",IF(N8="גמר מלא סטנדרט",".GMS",IF(N8="גמר מלא טיוב חומרים",".GMC",IF(N8="גמר מינימלי",".GM",IF(N8="דירת שיווק",".DS","")))),""),IF(M8="זומן לטרום",".ZLT",IF(M8="טרום מסירה",".TM",IF(M8="טרום מסירה מהנדס",".TMM",IF(M8="מסירת חזקה",".MH",IF(M8="מסירת חזקה מהנדס",".MHM",""))))),".",VLOOKUP(Check[[#This Row],[טיפוס]],Tipus[],5,FALSE),".",VLOOKUP(Check[[#This Row],[מגדל]],Tower,2,FALSE),".Ap.",Check[[#This Row],[מספר דירה]]) -> O.S.2C.TS.Ap.6 | C8: דרומי | D8: 2 | E8: 6 | F8: 203 | G8: 2C | H8: =VLOOKUP(Check[[#This Row],[טיפוס]],Tipus[],2,FALSE) -> 2 | I8: =VLOOKUP(Check[[#This Row],[טיפוס]],Tipus[],3,FALSE) -> סטנדרט | J8: =VLOOKUP(Check[[#This Row],[טיפוס]],Tipus[],4,FALSE) -> E | K8: =IF(Check[[#This Row],[סטטוס2]]="הולד","פנויה",Check[[#This Row],[סטטוס2]]) -> בעלים | L8: בעלים | S8: 44040 | T8: אברהם ברוך
A9: =_xlfn.CONCAT(VLOOKUP(Check[[#This Row],[סטטוס]],Sold,2,FALSE),IF(Check[[#This Row],[סטטוס]]="פנויה",IF(N9="גמר מלא סטנדרט",".GMS",IF(N9="גמר מלא טיוב חומרים",".GMC",IF(N9="גמר מינימלי",".GM",IF(N9="דירת שיווק",".DS","")))),""),".",VLOOKUP(Check[[#This Row],[טיפוס]],Tipus[],5,FALSE),".",VLOOKUP(Check[[#This Row],[מגדל]],Tower,2,FALSE),".Ap.",Check[[#This Row],[מספר דירה]]) -> O.S.3A.TS.Ap.7 | B9: =_xlfn.CONCAT(VLOOKUP(Check[[#This Row],[סטטוס]],Sold,2,FALSE),IF(Check[[#This Row],[סטטוס]]="פנויה",IF(N9="גמר מלא סטנדרט",".GMS",IF(N9="גמר מלא טיוב חומרים",".GMC",IF(N9="גמר מינימלי",".GM",IF(N9="דירת שיווק",".DS","")))),""),IF(M9="זומן לטרום",".ZLT",IF(M9="טרום מסירה",".TM",IF(M9="טרום מסירה מהנדס",".TMM",IF(M9="מסירת חזקה",".MH",IF(M9="מסירת חזקה מהנדס",".MHM",""))))),".",VLOOKUP(Check[[#This Row],[טיפוס]],Tipus[],5,FALSE),".",VLOOKUP(Check[[#This Row],[מגדל]],Tower,2,FALSE),".Ap.",Check[[#This Row],[מספר דירה]]) -> O.MHM.S.3A.TS.Ap.7 | C9: דרומי | D9: 2 | E9: 7 | F9: 204 | G9: 3A | H9: =VLOOKUP(Check[[#This Row],[טיפוס]],Tipus[],2,FALSE) -> 3 | I9: =VLOOKUP(Check[[#This Row],[טיפוס]],Tipus[],3,FALSE) -> סטנדרט | J9: =VLOOKUP(Check[[#This Row],[טיפוס]],Tipus[],4,FALSE) -> D | K9: =IF(Check[[#This Row],[סטטוס2]]="הולד","פנויה",Check[[#This Row],[סטטוס2]]) -> בעלים | L9: בעלים | M9: מסירת חזקה מהנדס | S9: 44040 | T9: שרון וייסמן | U9: 3217 | W9: 5-10
A10: =_xlfn.CONCAT(VLOOKUP(Check[[#This Row],[סטטוס]],Sold,2,FALSE),IF(Check[[#This Row],[סטטוס]]="פנויה",IF(N10="גמר מלא סטנדרט",".GMS",IF(N10="גמר מלא טיוב חומרים",".GMC",IF(N10="גמר מינימלי",".GM",IF(N10="דירת שיווק",".DS","")))),""),".",VLOOKUP(Check[[#This Row],[טיפוס]],Tipus[],5,FALSE),".",VLOOKUP(Check[[#This Row],[מגדל]],Tower,2,FALSE),".Ap.",Check[[#This Row],[מספר דירה]]) -> O.S.2D.TS.Ap.8 | B10: =_xlfn.CONCAT(VLOOKUP(Check[[#This Row],[סטטוס]],Sold,2,FALSE),IF(Check[[#This Row],[סטטוס]]="פנויה",IF(N10="גמר מלא סטנדרט",".GMS",IF(N10="גמר מלא טיוב חומרים",".GMC",IF(N10="גמר מינימלי",".GM",IF(N10="דירת שיווק",".DS","")))),""),IF(M10="זומן לטרום",".ZLT",IF(M10="טרום מסירה",".TM",IF(M10="טרום מסירה מהנדס",".TMM",IF(M10="מסירת חזקה",".MH",IF(M10="מסירת חזקה מהנדס",".MHM",""))))),".",VLOOKUP(Check[[#This Row],[טיפוס]],Tipus[],5,FALSE),".",VLOOKUP(Check[[#This Row],[מגדל]],Tower,2,FALSE),".Ap.",Check[[#This Row],[מספר דירה]]) -> O.S.2D.TS.Ap.8 | C10: דרומי | D10: 2 | E10: 8 | F10: 205 | G10: 2D | H10: =VLOOKUP(Check[[#This Row],[טיפוס]],Tipus[],2,FALSE) -> 2 | I10: =VLOOKUP(Check[[#This Row],[טיפוס]],Tipus[],3,FALSE) -> סטנדרט | J10: =VLOOKUP(Check[[#This Row],[טיפוס]],Tipus[],4,FALSE) -> C | K10: =IF(Check[[#This Row],[סטטוס2]]="הולד","פנויה",Check[[#This Row],[סטטוס2]]) -> בעלים | L10: בעלים | S10: 44040 | T10: מיכאל כץ
A11: =_xlfn.CONCAT(VLOOKUP(Check[[#This Row],[סטטוס]],Sold,2,FALSE),IF(Check[[#This Row],[סטטוס]]="פנויה",IF(N11="גמר מלא סטנדרט",".GMS",IF(N11="גמר מלא טיוב חומרים",".GMC",IF(N11="גמר מינימלי",".GM",IF(N11="דירת שיווק",".DS","")))),""),".",VLOOKUP(Check[[#This Row],[טיפוס]],Tipus[],5,FALSE),".",VLOOKUP(Check[[#This Row],[מגדל]],Tower,2,FALSE),".Ap.",Check[[#This Row],[מספר דירה]]) -> V.GMS.S.2E.TS.Ap.9 | B11: =_xlfn.CONCAT(VLOOKUP(Check[[#This Row],[סטטוס]],Sold,2,FALSE),IF(Check[[#This Row],[סטטוס]]="פנויה",IF(N11="גמר מלא סטנדרט",".GMS",IF(N11="גמר מלא טיוב חומרים",".GMC",IF(N11="גמר מינימלי",".GM",IF(N11="דירת שיווק",".DS","")))),""),IF(M11="זומן לטרום",".ZLT",IF(M11="טרום מסירה",".TM",IF(M11="טרום מסירה מהנדס",".TMM",IF(M11="מסירת חזקה",".MH",IF(M11="מסירת חזקה מהנדס",".MHM",""))))),".",VLOOKUP(Check[[#This Row],[טיפוס]],Tipus[],5,FALSE),".",VLOOKUP(Check[[#This Row],[מגדל]],Tower,2,FALSE),".Ap.",Check[[#This Row],[מספר דירה]]) -> V.GMS.MH.S.2E.TS.Ap.9 | C11: דרומי | D11: 2 | E11: 9 | F11: 206 | G11: 2E | H11: =VLOOKUP(Check[[#This Row],[טיפוס]],Tipus[],2,FALSE) -> 2 | I11: =VLOOKUP(Check[[#This Row],[טיפוס]],Tipus[],3,FALSE) -> סטנדרט | J11: =VLOOKUP(Check[[#This Row],[טיפוס]],Tipus[],4,FALSE) -> B | K11: =IF(Check[[#This Row],[סטטוס2]]="הולד","פנויה",Check[[#This Row],[סטטוס2]]) -> פנויה | L11: פנויה | M11: מסירת חזקה | N11: גמר מלא סטנדרט | O11: יש תוכניות ובחירת גמר עפ"י שיחה עם אלון | P11: יש בחירות ותוכניות
A12: =_xlfn.CONCAT(VLOOKUP(Check[[#This Row],[סטטוס]],Sold,2,FALSE),IF(Check[[#This Row],[סטטוס]]="פנויה",IF(N12="גמר מלא סטנדרט",".GMS",IF(N12="גמר מלא טיוב חומרים",".GMC",IF(N12="גמר מינימלי",".GM",IF(N12="דירת שיווק",".DS","")))),""),".",VLOOKUP(Check[[#This Row],[טיפוס]],Tipus[],5,FALSE),".",VLOOKUP(Check[[#This Row],[מגדל]],Tower,2,FALSE),".Ap.",Check[[#This Row],[מספר דירה]]) -> V.GMS.S.2F.TS.Ap.10 | B12: =_xlfn.CONCAT(VLOOKUP(Check[[#This Row],[סטטוס]],Sold,2,FALSE),IF(Check[[#This Row],[סטטוס]]="פנויה",IF(N12="גמר מלא סטנדרט",".GMS",IF(N12="גמר מלא טיוב חומרים",".GMC",IF(N12="גמר מינימלי",".GM",IF(N12="דירת שיווק",".DS","")))),""),IF(M12="זומן לטרום",".ZLT",IF(M12="טרום מסירה",".TM",IF(M12="טרום מסירה מהנדס",".TMM",IF(M12="מסירת חזקה",".MH",IF(M12="מסירת חזקה מהנדס",".MHM",""))))),".",VLOOKUP(Check[[#This Row],[טיפוס]],Tipus[],5,FALSE),".",VLOOKUP(Check[[#This Row],[מגדל]],Tower,2,FALSE),".Ap.",Check[[#This Row],[מספר דירה]]) -> V.GMS.S.2F.TS.Ap.10 | C12: דרומי | D12: 2 | E12: 10 | F12: 207 | G12: 2F | H12: =VLOOKUP(Check[[#This Row],[טיפוס]],Tipus[],2,FALSE) -> 2 | I12: =VLOOKUP(Check[[#This Row],[טיפוס]],Tipus[],3,FALSE) -> סטנדרט | J12: =VLOOKUP(Check[[#This Row],[טיפוס]],Tipus[],4,FALSE) -> A | K12: =IF(Check[[#This Row],[סטטוס2]]="הולד","פנויה",Check[[#This Row],[סטטוס2]]) -> פנויה | L12: פנויה | N12: גמר מלא סטנדרט | O12: יש תוכניות ובחירת גמר עפ"י שיחה עם אלון | P12: יש בחירות ותוכניות
A13: =_xlfn.CONCAT(VLOOKUP(Check[[#This Row],[סטטוס]],Sold,2,FALSE),IF(Check[[#This Row],[סטטוס]]="פנויה",IF(N13="גמר מלא סטנדרט",".GMS",IF(N13="גמר מלא טיוב חומרים",".GMC",IF(N13="גמר מינימלי",".GM",IF(N13="דירת שיווק",".DS","")))),""),".",VLOOKUP(Check[[#This Row],[טיפוס]],Tipus[],5,FALSE),".",VLOOKUP(Check[[#This Row],[מגדל]],Tower,2,FALSE),".Ap.",Check[[#This Row],[מספר דירה]]) -> S.S.2A.TS.Ap.11 | B13: =_xlfn.CONCAT(VLOOKUP(Check[[#This Row],[סטטוס]],Sold,2,FALSE),IF(Check[[#This Row],[סטטוס]]="פנויה",IF(N13="גמר מלא סטנדרט",".GMS",IF(N13="גמר מלא טיוב חומרים",".GMC",IF(N13="גמר מינימלי",".GM",IF(N13="דירת שיווק",".DS","")))),""),IF(M13="זומן לטרום",".ZLT",IF(M13="טרום מסירה",".TM",IF(M13="טרום מסירה מהנדס",".TMM",IF(M13="מסירת חזקה",".MH",IF(M13="מסירת חזקה מהנדס",".MHM",""))))),".",VLOOKUP(Check[[#This Row],[טיפוס]],Tipus[],5,FALSE),".",VLOOKUP(Check[[#This Row],[מגדל]],Tower,2,FALSE),".Ap.",Check[[#This Row],[מספר דירה]]) -> S.S.2A.TS.Ap.11 | C13: דרומי | D13: 3 | E13: 11 | F13: 301 | G13: 2A | H13: =VLOOKUP(Check[[#This Row],[טיפוס]],Tipus[],2,FALSE) -> 2 | I13: =VLOOKUP(Check[[#This Row],[טיפוס]],Tipus[],3,FALSE) -> סטנדרט | J13: =VLOOKUP(Check[[#This Row],[טיפוס]],Tipus[],4,FALSE) -> G | K13: =IF(Check[[#This Row],[סטטוס2]]="הולד","פנויה",Check[[#This Row],[סטטוס2]]) -> מכורה | L13: מכורה | S13: 44521 | T13: תומר קוקו השקעות בע"מ
A14: =_xlfn.CONCAT(VLOOKUP(Check[[#This Row],[סטטוס]],Sold,2,FALSE),IF(Check[[#This Row],[סטטוס]]="פנויה",IF(N14="גמר מלא סטנדרט",".GMS",IF(N14="גמר מלא טיוב חומרים",".GMC",IF(N14="גמר מינימלי",".GM",IF(N14="דירת שיווק",".DS","")))),""),".",VLOOKUP(Check[[#This Row],[טיפוס]],Tipus[],5,FALSE),".",VLOOKUP(Check[[#This Row],[מגדל]],Tower,2,FALSE),".Ap.",Check[[#This Row],[מספר דירה]]) -> S.S.2B.TS.Ap.12 | B14: =_xlfn.CONCAT(VLOOKUP(Check[[#This Row],[סטטוס]],Sold,2,FALSE),IF(Check[[#This Row],[סטטוס]]="פנויה",IF(N14="גמר מלא סטנדרט",".GMS",IF(N14="גמר מלא טיוב חומרים",".GMC",IF(N14="גמר מינימלי",".GM",IF(N14="דירת שיווק",".DS","")))),""),IF(M14="זומן לטרום",".ZLT",IF(M14="טרום מסירה",".TM",IF(M14="טרום מסירה מהנדס",".TMM",IF(M14="מסירת חזקה",".MH",IF(M14="מסירת חזקה מהנדס",".MHM",""))))),".",VLOOKUP(Check[[#This Row],[טיפוס]],Tipus[],5,FALSE),".",VLOOKUP(Check[[#This Row],[מגדל]],Tower,2,FALSE),".Ap.",Check[[#This Row],[מספר דירה]]) -> S.TM.S.2B.TS.Ap.12 | C14: דרומי | D14: 3 | E14: 12 | F14: 302 | G14: 2B | H14: =VLOOKUP(Check[[#This Row],[טיפוס]],Tipus[],2,FALSE) -> 2 | I14: =VLOOKUP(Check[[#This Row],[טיפוס]],Tipus[],3,FALSE) -> סטנדרט | J14: =VLOOKUP(Check[[#This Row],[טיפוס]],Tipus[],4,FALSE) -> F | K14: =IF(Check[[#This Row],[סטטוס2]]="הולד","פנויה",Check[[#This Row],[סטטוס2]]) -> מכורה | L14: מכורה | M14: טרום מסירה | S14: 45358 | T14: בורוכוביץ אנגלה ויחזקאל
A15: =_xlfn.CONCAT(VLOOKUP(Check[[#This Row],[סטטוס]],Sold,2,FALSE),IF(Check[[#This Row],[סטטוס]]="פנויה",IF(N15="גמר מלא סטנדרט",".GMS",IF(N15="גמר מלא טיוב חומרים",".GMC",IF(N15="גמר מינימלי",".GM",IF(N15="דירת שיווק",".DS","")))),""),".",VLOOKUP(Check[[#This Row],[טיפוס]],Tipus[],5,FALSE),".",VLOOKUP(Check[[#This Row],[מגדל]],Tower,2,FALSE),".Ap.",Check[[#This Row],[מספר דירה]]) -> S.S.2C.TS.Ap.13 | B15: =_xlfn.CONCAT(VLOOKUP(Check[[#This Row],[סטטוס]],Sold,2,FALSE),IF(Check[[#This Row],[סטטוס]]="פנויה",IF(N15="גמר מלא סטנדרט",".GMS",IF(N15="גמר מלא טיוב חומרים",".GMC",IF(N15="גמר מינימלי",".GM",IF(N15="דירת שיווק",".DS","")))),""),IF(M15="זומן לטרום",".ZLT",IF(M15="טרום מסירה",".TM",IF(M15="טרום מסירה מהנדס",".TMM",IF(M15="מסירת חזקה",".MH",IF(M15="מסירת חזקה מהנדס",".MHM",""))))),".",VLOOKUP(Check[[#This Row],[טיפוס]],Tipus[],5,FALSE),".",VLOOKUP(Check[[#This Row],[מגדל]],Tower,2,FALSE),".Ap.",Check[[#This Row],[מספר דירה]]) -> S.TM.S.2C.TS.Ap.13 | C15: דרומי | D15: 3 | E15: 13 | F15: 303 | G15: 2C | H15: =VLOOKUP(Check[[#This Row],[טיפוס]],Tipus[],2,FALSE) -> 2 | I15: =VLOOKUP(Check[[#This Row],[טיפוס]],Tipus[],3,FALSE) -> סטנדרט | J15: =VLOOKUP(Check[[#This Row],[טיפוס]],Tipus[],4,FALSE) -> E | K15: =IF(Check[[#This Row],[סטטוס2]]="הולד","פנויה",Check[[#This Row],[סטטוס2]]) -> מכורה | L15: מכורה | M15: טרום מסירה | S15: 44762 | T15: ברקן גולן, שחר גולן
A16: =_xlfn.CONCAT(VLOOKUP(Check[[#This Row],[סטטוס]],Sold,2,FALSE),IF(Check[[#This Row],[סטטוס]]="פנויה",IF(N16="גמר מלא סטנדרט",".GMS",IF(N16="גמר מלא טיוב חומרים",".GMC",IF(N16="גמר מינימלי",".GM",IF(N16="דירת שיווק",".DS","")))),""),".",VLOOKUP(Check[[#This Row],[טיפוס]],Tipus[],5,FALSE),".",VLOOKUP(Check[[#This Row],[מגדל]],Tower,2,FALSE),".Ap.",Check[[#This Row],[מספר דירה]]) -> O.S.3A.TS.Ap.14 | B16: =_xlfn.CONCAT(VLOOKUP(Check[[#This Row],[סטטוס]],Sold,2,FALSE),IF(Check[[#This Row],[סטטוס]]="פנויה",IF(N16="גמר מלא סטנדרט",".GMS",IF(N16="גמר מלא טיוב חומרים",".GMC",IF(N16="גמר מינימלי",".GM",IF(N16="דירת שיווק",".DS","")))),""),IF(M16="זומן לטרום",".ZLT",IF(M16="טרום מסירה",".TM",IF(M16="טרום מסירה מהנדס",".TMM",IF(M16="מסירת חזקה",".MH",IF(M16="מסירת חזקה מהנדס",".MHM",""))))),".",VLOOKUP(Check[[#This Row],[טיפוס]],Tipus[],5,FALSE),".",VLOOKUP(Check[[#This Row],[מגדל]],Tower,2,FALSE),".Ap.",Check[[#This Row],[מספר דירה]]) -> O.TM.S.3A.TS.Ap.14 | C16: דרומי | D16: 3 | E16: 14 | F16: 304 | G16: 3A | H16: =VLOOKUP(Check[[#This Row],[טיפוס]],Tipus[],2,FALSE) -> 3 | I16: =VLOOKUP(Check[[#This Row],[טיפוס]],Tipus[],3,FALSE) -> סטנדרט | J16: =VLOOKUP(Check[[#This Row],[טיפוס]],Tipus[],4,FALSE) -> D | K16: =IF(Check[[#This Row],[סטטוס2]]="הולד","פנויה",Check[[#This Row],[סטטוס2]]) -> בעלים | L16: בעלים | M16: טרום מסירה | S16: 44040 | T16: ניסים ניר אלקלעי, מירב אלקלעי | U16: 3216 | W16: 5-10
A17: =_xlfn.CONCAT(VLOOKUP(Check[[#This Row],[סטטוס]],Sold,2,FALSE),IF(Check[[#This Row],[סטטוס]]="פנויה",IF(N17="גמר מלא סטנדרט",".GMS",IF(N17="גמר מלא טיוב חומרים",".GMC",IF(N17="גמר מינימלי",".GM",IF(N17="דירת שיווק",".DS","")))),""),".",VLOOKUP(Check[[#This Row],[טיפוס]],Tipus[],5,FALSE),".",VLOOKUP(Check[[#This Row],[מגדל]],Tower,2,FALSE),".Ap.",Check[[#This Row],[מספר דירה]]) -> S.S.2D.TS.Ap.15 | B17: =_xlfn.CONCAT(VLOOKUP(Check[[#This Row],[סטטוס]],Sold,2,FALSE),IF(Check[[#This Row],[סטטוס]]="פנויה",IF(N17="גמר מלא סטנדרט",".GMS",IF(N17="גמר מלא טיוב חומרים",".GMC",IF(N17="גמר מינימלי",".GM",IF(N17="דירת שיווק",".DS","")))),""),IF(M17="זומן לטרום",".ZLT",IF(M17="טרום מסירה",".TM",IF(M17="טרום מסירה מהנדס",".TMM",IF(M17="מסירת חזקה",".MH",IF(M17="מסירת חזקה מהנדס",".MHM",""))))),".",VLOOKUP(Check[[#This Row],[טיפוס]],Tipus[],5,FALSE),".",VLOOKUP(Check[[#This Row],[מגדל]],Tower,2,FALSE),".Ap.",Check[[#This Row],[מספר דירה]]) -> S.TM.S.2D.TS.Ap.15 | C17: דרומי | D17: 3 | E17: 15 | F17: 305 | G17: 2D | H17: =VLOOKUP(Check[[#This Row],[טיפוס]],Tipus[],2,FALSE) -> 2 | I17: =VLOOKUP(Check[[#This Row],[טיפוס]],Tipus[],3,FALSE) -> סטנדרט | J17: =VLOOKUP(Check[[#This Row],[טיפוס]],Tipus[],4,FALSE) -> C | K17: =IF(Check[[#This Row],[סטטוס2]]="הולד","פנויה",Check[[#This Row],[סטטוס2]]) -> מכורה | L17: מכורה | M17: טרום מסירה | S17: 44527 | T17: נילי אופק נכסים בע"מ
A18: =_xlfn.CONCAT(VLOOKUP(Check[[#This Row],[סטטוס]],Sold,2,FALSE),IF(Check[[#This Row],[סטטוס]]="פנויה",IF(N18="גמר מלא סטנדרט",".GMS",IF(N18="גמר מלא טיוב חומרים",".GMC",IF(N18="גמר מינימלי",".GM",IF(N18="דירת שיווק",".DS","")))),""),".",VLOOKUP(Check[[#This Row],[טיפוס]],Tipus[],5,FALSE),".",VLOOKUP(Check[[#This Row],[מגדל]],Tower,2,FALSE),".Ap.",Check[[#This Row],[מספר דירה]]) -> V.GMS.S.2E.TS.Ap.16 | B18: =_xlfn.CONCAT(VLOOKUP(Check[[#This Row],[סטטוס]],Sold,2,FALSE),IF(Check[[#This Row],[סטטוס]]="פנויה",IF(N18="גמר מלא סטנדרט",".GMS",IF(N18="גמר מלא טיוב חומרים",".GMC",IF(N18="גמר מינימלי",".GM",IF(N18="דירת שיווק",".DS","")))),""),IF(M18="זומן לטרום",".ZLT",IF(M18="טרום מסירה",".TM",IF(M18="טרום מסירה מהנדס",".TMM",IF(M18="מסירת חזקה",".MH",IF(M18="מסירת חזקה מהנדס",".MHM",""))))),".",VLOOKUP(Check[[#This Row],[טיפוס]],Tipus[],5,FALSE),".",VLOOKUP(Check[[#This Row],[מגדל]],Tower,2,FALSE),".Ap.",Check[[#This Row],[מספר דירה]]) -> V.GMS.S.2E.TS.Ap.16 | C18: דרומי | D18: 3 | E18: 16 | F18: 306 | G18: 2E | H18: =VLOOKUP(Check[[#This Row],[טיפוס]],Tipus[],2,FALSE) -> 2 | I18: =VLOOKUP(Check[[#This Row],[טיפוס]],Tipus[],3,FALSE) -> סטנדרט | J18: =VLOOKUP(Check[[#This Row],[טיפוס]],Tipus[],4,FALSE) -> B | K18: =IF(Check[[#This Row],[סטטוס2]]="הולד","פנויה",Check[[#This Row],[סטטוס2]]) -> פנויה | L18: פנויה | N18: גמר מלא סטנדרט | O18: יש תוכניות ובחירת גמר עפ"י שיחה עם אלון | P18: יש בחירות ותוכניות
A19: =_xlfn.CONCAT(VLOOKUP(Check[[#This Row],[סטטוס]],Sold,2,FALSE),IF(Check[[#This Row],[סטטוס]]="פנויה",IF(N19="גמר מלא סטנדרט",".GMS",IF(N19="גמר מלא טיוב חומרים",".GMC",IF(N19="גמר מינימלי",".GM",IF(N19="דירת שיווק",".DS","")))),""),".",VLOOKUP(Check[[#This Row],[טיפוס]],Tipus[],5,FALSE),".",VLOOKUP(Check[[#This Row],[מגדל]],Tower,2,FALSE),".Ap.",Check[[#This Row],[מספר דירה]]) -> O.S.2F.TS.Ap.17 | B19: =_xlfn.CONCAT(VLOOKUP(Check[[#This Row],[סטטוס]],Sold,2,FALSE),IF(Check[[#This Row],[סטטוס]]="פנויה",IF(N19="גמר מלא סטנדרט",".GMS",IF(N19="גמר מלא טיוב חומרים",".GMC",IF(N19="גמר מינימלי",".GM",IF(N19="דירת שיווק",".DS","")))),""),IF(M19="זומן לטרום",".ZLT",IF(M19="טרום מסירה",".TM",IF(M19="טרום מסירה מהנדס",".TMM",IF(M19="מסירת חזקה",".MH",IF(M19="מסירת חזקה מהנדס",".MHM",""))))),".",VLOOKUP(Check[[#This Row],[טיפוס]],Tipus[],5,FALSE),".",VLOOKUP(Check[[#This Row],[מגדל]],Tower,2,FALSE),".Ap.",Check[[#This Row],[מספר דירה]]) -> O.TM.S.2F.TS.Ap.17 | C19: דרומי | D19: 3 | E19: 17 | F19: 307 | G19: 2F | H19: =VLOOKUP(Check[[#This Row],[טיפוס]],Tipus[],2,FALSE) -> 2 | I19: =VLOOKUP(Check[[#This Row],[טיפוס]],Tipus[],3,FALSE) -> סטנדרט | J19: =VLOOKUP(Check[[#This Row],[טיפוס]],Tipus[],4,FALSE) -> A | K19: =IF(Check[[#This Row],[סטטוס2]]="הולד","פנויה",Check[[#This Row],[סטטוס2]]) -> בעלים | L19: בעלים | M19: טרום מסירה | S19: 44040 | T19: דוריס רבה | U19: 4200
A20: =_xlfn.CONCAT(VLOOKUP(Check[[#This Row],[סטטוס]],Sold,2,FALSE),IF(Check[[#This Row],[סטטוס]]="פנויה",IF(N20="גמר מלא סטנדרט",".GMS",IF(N20="גמר מלא טיוב חומרים",".GMC",IF(N20="גמר מינימלי",".GM",IF(N20="דירת שיווק",".DS","")))),""),".",VLOOKUP(Check[[#This Row],[טיפוס]],Tipus[],5,FALSE),".",VLOOKUP(Check[[#This Row],[מגדל]],Tower,2,FALSE),".Ap.",Check[[#This Row],[מספר דירה]]) -> V.GMS.S.4A.TS.Ap.18 | B20: =_xlfn.CONCAT(VLOOKUP(Check[[#This Row],[סטטוס]],Sold,2,FALSE),IF(Check[[#This Row],[סטטוס]]="פנויה",IF(N20="גמר מלא סטנדרט",".GMS",IF(N20="גמר מלא טיוב חומרים",".GMC",IF(N20="גמר מינימלי",".GM",IF(N20="דירת שיווק",".DS","")))),""),IF(M20="זומן לטרום",".ZLT",IF(M20="טרום מסירה",".TM",IF(M20="טרום מסירה מהנדס",".TMM",IF(M20="מסירת חזקה",".MH",IF(M20="מסירת חזקה מהנדס",".MHM",""))))),".",VLOOKUP(Check[[#This Row],[טיפוס]],Tipus[],5,FALSE),".",VLOOKUP(Check[[#This Row],[מגדל]],Tower,2,FALSE),".Ap.",Check[[#This Row],[מספר דירה]]) -> V.GMS.S.4A.TS.Ap.18 | C20: דרומי | D20: 3 | E20: 18 | F20: 308 | G20: 4A | H20: =VLOOKUP(Check[[#This Row],[טיפוס]],Tipus[],2,FALSE) -> 4 | I20: =VLOOKUP(Check[[#This Row],[טיפוס]],Tipus[],3,FALSE) -> סטנדרט | J20: =VLOOKUP(Check[[#This Row],[טיפוס]],Tipus[],4,FALSE) -> J | K20: =IF(Check[[#This Row],[סטטוס2]]="הולד","פנויה",Check[[#This Row],[סטטוס2]]) -> פנויה | L20: פנויה | N20: גמר מלא סטנדרט | O20: יש תוכניות ובחירת גמר עפ"י שיחה עם אלון | P20: יש בחירות ותוכניות
A21: =_xlfn.CONCAT(VLOOKUP(Check[[#This Row],[סטטוס]],Sold,2,FALSE),IF(Check[[#This Row],[סטטוס]]="פנויה",IF(N21="גמר מלא סטנדרט",".GMS",IF(N21="גמר מלא טיוב חומרים",".GMC",IF(N21="גמר מינימלי",".GM",IF(N21="דירת שיווק",".DS","")))),""),".",VLOOKUP(Check[[#This Row],[טיפוס]],Tipus[],5,FALSE),".",VLOOKUP(Check[[#This Row],[מגדל]],Tower,2,FALSE),".Ap.",Check[[#This Row],[מספר דירה]]) -> O.S.2G.TS.Ap.19 | B21: =_xlfn.CONCAT(VLOOKUP(Check[[#This Row],[סטטוס]],Sold,2,FALSE),IF(Check[[#This Row],[סטטוס]]="פנויה",IF(N21="גמר מלא סטנדרט",".GMS",IF(N21="גמר מלא טיוב חומרים",".GMC",IF(N21="גמר מינימלי",".GM",IF(N21="דירת שיווק",".DS","")))),""),IF(M21="זומן לטרום",".ZLT",IF(M21="טרום מסירה",".TM",IF(M21="טרום מסירה מהנדס",".TMM",IF(M21="מסירת חזקה",".MH",IF(M21="מסירת חזקה מהנדס",".MHM",""))))),".",VLOOKUP(Check[[#This Row],[טיפוס]],Tipus[],5,FALSE),".",VLOOKUP(Check[[#This Row],[מגדל]],Tower,2,FALSE),".Ap.",Check[[#This Row],[מספר דירה]]) -> O.TM.S.2G.TS.Ap.19 | C21: דרומי | D21: 3 | E21: 19 | F21: 309 | G21: 2G | H21: =VLOOKUP(Check[[#This Row],[טיפוס]],Tipus[],2,FALSE) -> 2 | I21: =VLOOKUP(Check[[#This Row],[טיפוס]],Tipus[],3,FALSE) -> סטנדרט | J21: =VLOOKUP(Check[[#This Row],[טיפוס]],Tipus[],4,FALSE) -> I | K21: =IF(Check[[#This Row],[סטטוס2]]="הולד","פנויה",Check[[#This Row],[סטטוס2]]) -> בעלים | L21: בעלים | M21: טרום מסירה | S21: 44040 | T21: מנחם משה זלצר, גילת זלצר | U21: 4196
A22: =_xlfn.CONCAT(VLOOKUP(Check[[#This Row],[סטטוס]],Sold,2,FALSE),IF(Check[[#This Row],[סטטוס]]="פנויה",IF(N22="גמר מלא סטנדרט",".GMS",IF(N22="גמר מלא טיוב חומרים",".GMC",IF(N22="גמר מינימלי",".GM",IF(N22="דירת שיווק",".DS","")))),""),".",VLOOKUP(Check[[#This Row],[טיפוס]],Tipus[],5,FALSE),".",VLOOKUP(Check[[#This Row],[מגדל]],Tower,2,FALSE),".Ap.",Check[[#This Row],[מספר דירה]]) -> V.GMS.S.4B.TS.Ap.20 | B22: =_xlfn.CONCAT(VLOOKUP(Check[[#This Row],[סטטוס]],Sold,2,FALSE),IF(Check[[#This Row],[סטטוס]]="פנויה",IF(N22="גמר מלא סטנדרט",".GMS",IF(N22="גמר מלא טיוב חומרים",".GMC",IF(N22="גמר מינימלי",".GM",IF(N22="דירת שיווק",".DS","")))),""),IF(M22="זומן לטרום",".ZLT",IF(M22="טרום מסירה",".TM",IF(M22="טרום מסירה מהנדס",".TMM",IF(M22="מסירת חזקה",".MH",IF(M22="מסירת חזקה מהנדס",".MHM",""))))),".",VLOOKUP(Check[[#This Row],[טיפוס]],Tipus[],5,FALSE),".",VLOOKUP(Check[[#This Row],[מגדל]],Tower,2,FALSE),".Ap.",Check[[#This Row],[מספר דירה]]) -> V.GMS.S.4B.TS.Ap.20 | C22: דרומי | D22: 3 | E22: 20 | F22: 310 | G22: 4B | H22: =VLOOKUP(Check[[#This Row],[טיפוס]],Tipus[],2,FALSE) -> 4 | I22: =VLOOKUP(Check[[#This Row],[טיפוס]],Tipus[],3,FALSE) -> סטנדרט | J22: =VLOOKUP(Check[[#This Row],[טיפוס]],Tipus[],4,FALSE) -> H | K22: =IF(Check[[#This Row],[סטטוס2]]="הולד","פנויה",Check[[#This Row],[סטטוס2]]) -> פנויה | L22: פנויה | N22: גמר מלא סטנדרט | O22: יש תוכניות ובחירת גמר עפ"י שיחה עם אלון | P22: יש בחירות ותוכניות
A23: =_xlfn.CONCAT(VLOOKUP(Check[[#This Row],[סטטוס]],Sold,2,FALSE),IF(Check[[#This Row],[סטטוס]]="פנויה",IF(N23="גמר מלא סטנדרט",".GMS",IF(N23="גמר מלא טיוב חומרים",".GMC",IF(N23="גמר מינימלי",".GM",IF(N23="דירת שיווק",".DS","")))),""),".",VLOOKUP(Check[[#This Row],[טיפוס]],Tipus[],5,FALSE),".",VLOOKUP(Check[[#This Row],[מגדל]],Tower,2,FALSE),".Ap.",Check[[#This Row],[מספר דירה]]) -> O.S.2A.TS.Ap.21 | B23: =_xlfn.CONCAT(VLOOKUP(Check[[#This Row],[סטטוס]],Sold,2,FALSE),IF(Check[[#This Row],[סטטוס]]="פנויה",IF(N23="גמר מלא סטנדרט",".GMS",IF(N23="גמר מלא טיוב חומרים",".GMC",IF(N23="גמר מינימלי",".GM",IF(N23="דירת שיווק",".DS","")))),""),IF(M23="זומן לטרום",".ZLT",IF(M23="טרום מסירה",".TM",IF(M23="טרום מסירה מהנדס",".TMM",IF(M23="מסירת חזקה",".MH",IF(M23="מסירת חזקה מהנדס",".MHM",""))))),".",VLOOKUP(Check[[#This Row],[טיפוס]],Tipus[],5,FALSE),".",VLOOKUP(Check[[#This Row],[מגדל]],Tower,2,FALSE),".Ap.",Check[[#This Row],[מספר דירה]]) -> O.S.2A.TS.Ap.21 | C23: דרומי | D23: 4 | E23: 21 | F23: 401 | G23: 2A | H23: =VLOOKUP(Check[[#This Row],[טיפוס]],Tipus[],2,FALSE) -> 2 | I23: =VLOOKUP(Check[[#This Row],[טיפוס]],Tipus[],3,FALSE) -> סטנדרט | J23: =VLOOKUP(Check[[#This Row],[טיפוס]],Tipus[],4,FALSE) -> G | K23: =IF(Check[[#This Row],[סטטוס2]]="הולד","פנויה",Check[[#This Row],[סטטוס2]]) -> בעלים | L23: בעלים | S23: 44040 | T23: א.ס.ש השקעות בע"מ | U23: 4197
A24: =_xlfn.CONCAT(VLOOKUP(Check[[#This Row],[סטטוס]],Sold,2,FALSE),IF(Check[[#This Row],[סטטוס]]="פנויה",IF(N24="גמר מלא סטנדרט",".GMS",IF(N24="גמר מלא טיוב חומרים",".GMC",IF(N24="גמר מינימלי",".GM",IF(N24="דירת שיווק",".DS","")))),""),".",VLOOKUP(Check[[#This Row],[טיפוס]],Tipus[],5,FALSE),".",VLOOKUP(Check[[#This Row],[מגדל]],Tower,2,FALSE),".Ap.",Check[[#This Row],[מספר דירה]]) -> O.S.2B.TS.Ap.22 | B24: =_xlfn.CONCAT(VLOOKUP(Check[[#This Row],[סטטוס]],Sold,2,FALSE),IF(Check[[#This Row],[סטטוס]]="פנויה",IF(N24="גמר מלא סטנדרט",".GMS",IF(N24="גמר מלא טיוב חומרים",".GMC",IF(N24="גמר מינימלי",".GM",IF(N24="דירת שיווק",".DS","")))),""),IF(M24="זומן לטרום",".ZLT",IF(M24="טרום מסירה",".TM",IF(M24="טרום מסירה מהנדס",".TMM",IF(M24="מסירת חזקה",".MH",IF(M24="מסירת חזקה מהנדס",".MHM",""))))),".",VLOOKUP(Check[[#This Row],[טיפוס]],Tipus[],5,FALSE),".",VLOOKUP(Check[[#This Row],[מגדל]],Tower,2,FALSE),".Ap.",Check[[#This Row],[מספר דירה]]) -> O.S.2B.TS.Ap.22 | C24: דרומי | D24: 4 | E24: 22 | F24: 402 | G24: 2B | H24: =VLOOKUP(Check[[#This Row],[טיפוס]],Tipus[],2,FALSE) -> 2 | I24: =VLOOKUP(Check[[#This Row],[טיפוס]],Tipus[],3,FALSE) -> סטנדרט | J24: =VLOOKUP(Check[[#This Row],[טיפוס]],Tipus[],4,FALSE) -> F | K24: =IF(Check[[#This Row],[סטטוס2]]="הולד","פנויה",Check[[#This Row],[סטטוס2]]) -> בעלים | L24: בעלים | S24: 44040 | T24: א.ס.ש השקעות בע"מ | U24: 5209
A25: =_xlfn.CONCAT(VLOOKUP(Check[[#This Row],[סטטוס]],Sold,2,FALSE),IF(Check[[#This Row],[סטטוס]]="פנויה",IF(N25="גמר מלא סטנדרט",".GMS",IF(N25="גמר מלא טיוב חומרים",".GMC",IF(N25="גמר מינימלי",".GM",IF(N25="דירת שיווק",".DS","")))),""),".",VLOOKUP(Check[[#This Row],[טיפוס]],Tipus[],5,FALSE),".",VLOOKUP(Check[[#This Row],[מגדל]],Tower,2,FALSE),".Ap.",Check[[#This Row],[מספר דירה]]) -> O.S.2C.TS.Ap.23 | B25: =_xlfn.CONCAT(VLOOKUP(Check[[#This Row],[סטטוס]],Sold,2,FALSE),IF(Check[[#This Row],[סטטוס]]="פנויה",IF(N25="גמר מלא סטנדרט",".GMS",IF(N25="גמר מלא טיוב חומרים",".GMC",IF(N25="גמר מינימלי",".GM",IF(N25="דירת שיווק",".DS","")))),""),IF(M25="זומן לטרום",".ZLT",IF(M25="טרום מסירה",".TM",IF(M25="טרום מסירה מהנדס",".TMM",IF(M25="מסירת חזקה",".MH",IF(M25="מסירת חזקה מהנדס",".MHM",""))))),".",VLOOKUP(Check[[#This Row],[טיפוס]],Tipus[],5,FALSE),".",VLOOKUP(Check[[#This Row],[מגדל]],Tower,2,FALSE),".Ap.",Check[[#This Row],[מספר דירה]]) -> O.TM.S.2C.TS.Ap.23 | C25: דרומי | D25: 4 | E25: 23 | F25: 403 | G25: 2C | H25: =VLOOKUP(Check[[#This Row],[טיפוס]],Tipus[],2,FALSE) -> 2 | I25: =VLOOKUP(Check[[#This Row],[טיפוס]],Tipus[],3,FALSE) -> סטנדרט | J25: =VLOOKUP(Check[[#This Row],[טיפוס]],Tipus[],4,FALSE) -> E | K25: =IF(Check[[#This Row],[סטטוס2]]="הולד","פנויה",Check[[#This Row],[סטטוס2]]) -> בעלים | L25: בעלים | M25: טרום מסירה | S25: 44040 | T25: ניסים ניר אלקלעי, מירב אלקלעי | U25: 5187
A26: =_xlfn.CONCAT(VLOOKUP(Check[[#This Row],[סטטוס]],Sold,2,FALSE),IF(Check[[#This Row],[סטטוס]]="פנויה",IF(N26="גמר מלא סטנדרט",".GMS",IF(N26="גמר מלא טיוב חומרים",".GMC",IF(N26="גמר מינימלי",".GM",IF(N26="דירת שיווק",".DS","")))),""),".",VLOOKUP(Check[[#This Row],[טיפוס]],Tipus[],5,FALSE),".",VLOOKUP(Check[[#This Row],[מגדל]],Tower,2,FALSE),".Ap.",Check[[#This Row],[מספר דירה]]) -> O.S.3A.TS.Ap.24 | B26: =_xlfn.CONCAT(VLOOKUP(Check[[#This Row],[סטטוס]],Sold,2,FALSE),IF(Check[[#This Row],[סטטוס]]="פנויה",IF(N26="גמר מלא סטנדרט",".GMS",IF(N26="גמר מלא טיוב חומרים",".GMC",IF(N26="גמר מינימלי",".GM",IF(N26="דירת שיווק",".DS","")))),""),IF(M26="זומן לטרום",".ZLT",IF(M26="טרום מסירה",".TM",IF(M26="טרום מסירה מהנדס",".TMM",IF(M26="מסירת חזקה",".MH",IF(M26="מסירת חזקה מהנדס",".MHM",""))))),".",VLOOKUP(Check[[#This Row],[טיפוס]],Tipus[],5,FALSE),".",VLOOKUP(Check[[#This Row],[מגדל]],Tower,2,FALSE),".Ap.",Check[[#This Row],[מספר דירה]]) -> O.S.3A.TS.Ap.24 | C26: דרומי | D26: 4 | E26: 24 | F26: 404 | G26: 3A | H26: =VLOOKUP(Check[[#This Row],[טיפוס]],Tipus[],2,FALSE) -> 3 | I26: =VLOOKUP(Check[[#This Row],[טיפוס]],Tipus[],3,FALSE) -> סטנדרט | J26: =VLOOKUP(Check[[#This Row],[טיפוס]],Tipus[],4,FALSE) -> D | K26: =IF(Check[[#This Row],[סטטוס2]]="הולד","פנויה",Check[[#This Row],[סטטוס2]]) -> בעלים | L26: בעלים | S26: 44040 | T26: יהודה רזניקוב | U26: 3215 | W26: 4-29
A27: =_xlfn.CONCAT(VLOOKUP(Check[[#This Row],[סטטוס]],Sold,2,FALSE),IF(Check[[#This Row],[סטטוס]]="פנויה",IF(N27="גמר מלא סטנדרט",".GMS",IF(N27="גמר מלא טיוב חומרים",".GMC",IF(N27="גמר מינימלי",".GM",IF(N27="דירת שיווק",".DS","")))),""),".",VLOOKUP(Check[[#This Row],[טיפוס]],Tipus[],5,FALSE),".",VLOOKUP(Check[[#This Row],[מגדל]],Tower,2,FALSE),".Ap.",Check[[#This Row],[מספר דירה]]) -> S.S.2D.TS.Ap.25 | B27: =_xlfn.CONCAT(VLOOKUP(Check[[#This Row],[סטטוס]],Sold,2,FALSE),IF(Check[[#This Row],[סטטוס]]="פנויה",IF(N27="גמר מלא סטנדרט",".GMS",IF(N27="גמר מלא טיוב חומרים",".GMC",IF(N27="גמר מינימלי",".GM",IF(N27="דירת שיווק",".DS","")))),""),IF(M27="זומן לטרום",".ZLT",IF(M27="טרום מסירה",".TM",IF(M27="טרום מסירה מהנדס",".TMM",IF(M27="מסירת חזקה",".MH",IF(M27="מסירת חזקה מהנדס",".MHM",""))))),".",VLOOKUP(Check[[#This Row],[טיפוס]],Tipus[],5,FALSE),".",VLOOKUP(Check[[#This Row],[מגדל]],Tower,2,FALSE),".Ap.",Check[[#This Row],[מספר דירה]]) -> S.TM.S.2D.TS.Ap.25 | C27: דרומי | D27: 4 | E27: 25 | F27: 405 | G27: 2D | H27: =VLOOKUP(Check[[#This Row],[טיפוס]],Tipus[],2,FALSE) -> 2 | I27: =VLOOKUP(Check[[#This Row],[טיפוס]],Tipus[],3,FALSE) -> סטנדרט | J27: =VLOOKUP(Check[[#This Row],[טיפוס]],Tipus[],4,FALSE) -> C | K27: =IF(Check[[#This Row],[סטטוס2]]="הולד","פנויה",Check[[#This Row],[סטטוס2]]) -> מכורה | L27: מכורה | M27: טרום מסירה | S27: 44518 | T27: סלם יוני אהרון
A28: =_xlfn.CONCAT(VLOOKUP(Check[[#This Row],[סטטוס]],Sold,2,FALSE),IF(Check[[#This Row],[סטטוס]]="פנויה",IF(N28="גמר מלא סטנדרט",".GMS",IF(N28="גמר מלא טיוב חומרים",".GMC",IF(N28="גמר מינימלי",".GM",IF(N28="דירת שיווק",".DS","")))),""),".",VLOOKUP(Check[[#This Row],[טיפוס]],Tipus[],5,FALSE),".",VLOOKUP(Check[[#This Row],[מגדל]],Tower,2,FALSE),".Ap.",Check[[#This Row],[מספר דירה]]) -> V.GMS.S.2E.TS.Ap.26 | B28: =_xlfn.CONCAT(VLOOKUP(Check[[#This Row],[סטטוס]],Sold,2,FALSE),IF(Check[[#This Row],[סטטוס]]="פנויה",IF(N28="גמר מלא סטנדרט",".GMS",IF(N28="גמר מלא טיוב חומרים",".GMC",IF(N28="גמר מינימלי",".GM",IF(N28="דירת שיווק",".DS","")))),""),IF(M28="זומן לטרום",".ZLT",IF(M28="טרום מסירה",".TM",IF(M28="טרום מסירה מהנדס",".TMM",IF(M28="מסירת חזקה",".MH",IF(M28="מסירת חזקה מהנדס",".MHM",""))))),".",VLOOKUP(Check[[#This Row],[טיפוס]],Tipus[],5,FALSE),".",VLOOKUP(Check[[#This Row],[מגדל]],Tower,2,FALSE),".Ap.",Check[[#This Row],[מספר דירה]]) -> V.GMS.S.2E.TS.Ap.26 | C28: דרומי | D28: 4 | E28: 26 | F28: 406 | G28: 2E | H28: =VLOOKUP(Check[[#This Row],[טיפוס]],Tipus[],2,FALSE) -> 2 | I28: =VLOOKUP(Check[[#This Row],[טיפוס]],Tipus[],3,FALSE) -> סטנדרט | J28: =VLOOKUP(Check[[#This Row],[טיפוס]],Tipus[],4,FALSE) -> B | K28: =IF(Check[[#This Row],[סטטוס2]]="הולד","פנויה",Check[[#This Row],[סטטוס2]]) -> פנויה | L28: פנויה | N28: גמר מלא סטנדרט | O28: יש תוכניות ובחירת גמר עפ"י שיחה עם אלון | P28: יש בחירות ותוכניות
A29: =_xlfn.CONCAT(VLOOKUP(Check[[#This Row],[סטטוס]],Sold,2,FALSE),IF(Check[[#This Row],[סטטוס]]="פנויה",IF(N29="גמר מלא סטנדרט",".GMS",IF(N29="גמר מלא טיוב חומרים",".GMC",IF(N29="גמר מינימלי",".GM",IF(N29="דירת שיווק",".DS","")))),""),".",VLOOKUP(Check[[#This Row],[טיפוס]],Tipus[],5,FALSE),".",VLOOKUP(Check[[#This Row],[מגדל]],Tower,2,FALSE),".Ap.",Check[[#This Row],[מספר דירה]]) -> O.S.2F.TS.Ap.27 | B29: =_xlfn.CONCAT(VLOOKUP(Check[[#This Row],[סטטוס]],Sold,2,FALSE),IF(Check[[#This Row],[סטטוס]]="פנויה",IF(N29="גמר מלא סטנדרט",".GMS",IF(N29="גמר מלא טיוב חומרים",".GMC",IF(N29="גמר מינימלי",".GM",IF(N29="דירת שיווק",".DS","")))),""),IF(M29="זומן לטרום",".ZLT",IF(M29="טרום מסירה",".TM",IF(M29="טרום מסירה מהנדס",".TMM",IF(M29="מסירת חזקה",".MH",IF(M29="מסירת חזקה מהנדס",".MHM",""))))),".",VLOOKUP(Check[[#This Row],[טיפוס]],Tipus[],5,FALSE),".",VLOOKUP(Check[[#This Row],[מגדל]],Tower,2,FALSE),".Ap.",Check[[#This Row],[מספר דירה]]) -> O.S.2F.TS.Ap.27 | C29: דרומי | D29: 4 | E29: 27 | F29: 407 | G29: 2F | H29: =VLOOKUP(Check[[#This Row],[טיפוס]],Tipus[],2,FALSE) -> 2 | I29: =VLOOKUP(Check[[#This Row],[טיפוס]],Tipus[],3,FALSE) -> סטנדרט | J29: =VLOOKUP(Check[[#This Row],[טיפוס]],Tipus[],4,FALSE) -> A | K29: =IF(Check[[#This Row],[סטטוס2]]="הולד","פנויה",Check[[#This Row],[סטטוס2]]) -> בעלים | L29: בעלים | S29: 44040 | T29: יורי גלמן | U29: 4203 | W29: 5-25
A30: =_xlfn.CONCAT(VLOOKUP(Check[[#This Row],[סטטוס]],Sold,2,FALSE),IF(Check[[#This Row],[סטטוס]]="פנויה",IF(N30="גמר מלא סטנדרט",".GMS",IF(N30="גמר מלא טיוב חומרים",".GMC",IF(N30="גמר מינימלי",".GM",IF(N30="דירת שיווק",".DS","")))),""),".",VLOOKUP(Check[[#This Row],[טיפוס]],Tipus[],5,FALSE),".",VLOOKUP(Check[[#This Row],[מגדל]],Tower,2,FALSE),".Ap.",Check[[#This Row],[מספר דירה]]) -> V.GMS.S.4A.TS.Ap.28 | B30: =_xlfn.CONCAT(VLOOKUP(Check[[#This Row],[סטטוס]],Sold,2,FALSE),IF(Check[[#This Row],[סטטוס]]="פנויה",IF(N30="גמר מלא סטנדרט",".GMS",IF(N30="גמר מלא טיוב חומרים",".GMC",IF(N30="גמר מינימלי",".GM",IF(N30="דירת שיווק",".DS","")))),""),IF(M30="זומן לטרום",".ZLT",IF(M30="טרום מסירה",".TM",IF(M30="טרום מסירה מהנדס",".TMM",IF(M30="מסירת חזקה",".MH",IF(M30="מסירת חזקה מהנדס",".MHM",""))))),".",VLOOKUP(Check[[#This Row],[טיפוס]],Tipus[],5,FALSE),".",VLOOKUP(Check[[#This Row],[מגדל]],Tower,2,FALSE),".Ap.",Check[[#This Row],[מספר דירה]]) -> V.GMS.S.4A.TS.Ap.28 | C30: דרומי | D30: 4 | E30: 28 | F30: 408 | G30: 4A | H30: =VLOOKUP(Check[[#This Row],[טיפוס]],Tipus[],2,FALSE) -> 4 | I30: =VLOOKUP(Check[[#This Row],[טיפוס]],Tipus[],3,FALSE) -> סטנדרט | J30: =VLOOKUP(Check[[#This Row],[טיפוס]],Tipus[],4,FALSE) -> J | K30: =IF(Check[[#This Row],[סטטוס2]]="הולד","פנויה",Check[[#This Row],[סטטוס2]]) -> פנויה | L30: פנויה | N30: גמר מלא סטנדרט | O30: יש תוכניות ובחירת גמר עפ"י שיחה עם אלון | P30: יש בחירות ותוכניות
A31: =_xlfn.CONCAT(VLOOKUP(Check[[#This Row],[סטטוס]],Sold,2,FALSE),IF(Check[[#This Row],[סטטוס]]="פנויה",IF(N31="גמר מלא סטנדרט",".GMS",IF(N31="גמר מלא טיוב חומרים",".GMC",IF(N31="גמר מינימלי",".GM",IF(N31="דירת שיווק",".DS","")))),""),".",VLOOKUP(Check[[#This Row],[טיפוס]],Tipus[],5,FALSE),".",VLOOKUP(Check[[#This Row],[מגדל]],Tower,2,FALSE),".Ap.",Check[[#This Row],[מספר דירה]]) -> O.S.2G.TS.Ap.29 | B31: =_xlfn.CONCAT(VLOOKUP(Check[[#This Row],[סטטוס]],Sold,2,FALSE),IF(Check[[#This Row],[סטטוס]]="פנויה",IF(N31="גמר מלא סטנדרט",".GMS",IF(N31="גמר מלא טיוב חומרים",".GMC",IF(N31="גמר מינימלי",".GM",IF(N31="דירת שיווק",".DS","")))),""),IF(M31="זומן לטרום",".ZLT",IF(M31="טרום מסירה",".TM",IF(M31="טרום מסירה מהנדס",".TMM",IF(M31="מסירת חזקה",".MH",IF(M31="מסירת חזקה מהנדס",".MHM",""))))),".",VLOOKUP(Check[[#This Row],[טיפוס]],Tipus[],5,FALSE),".",VLOOKUP(Check[[#This Row],[מגדל]],Tower,2,FALSE),".Ap.",Check[[#This Row],[מספר דירה]]) -> O.TM.S.2G.TS.Ap.29 | C31: דרומי | D31: 4 | E31: 29 | F31: 409 | G31: 2G | H31: =VLOOKUP(Check[[#This Row],[טיפוס]],Tipus[],2,FALSE) -> 2 | I31: =VLOOKUP(Check[[#This Row],[טיפוס]],Tipus[],3,FALSE) -> סטנדרט | J31: =VLOOKUP(Check[[#This Row],[טיפוס]],Tipus[],4,FALSE) -> I | K31: =IF(Check[[#This Row],[סטטוס2]]="הולד","פנויה",Check[[#This Row],[סטטוס2]]) -> בעלים | L31: בעלים | M31: טרום מסירה | S31: 44040 | T31: מיכאל כץ | U31: 4198
A32: =_xlfn.CONCAT(VLOOKUP(Check[[#This Row],[סטטוס]],Sold,2,FALSE),IF(Check[[#This Row],[סטטוס]]="פנויה",IF(N32="גמר מלא סטנדרט",".GMS",IF(N32="גמר מלא טיוב חומרים",".GMC",IF(N32="גמר מינימלי",".GM",IF(N32="דירת שיווק",".DS","")))),""),".",VLOOKUP(Check[[#This Row],[טיפוס]],Tipus[],5,FALSE),".",VLOOKUP(Check[[#This Row],[מגדל]],Tower,2,FALSE),".Ap.",Check[[#This Row],[מספר דירה]]) -> V.GMS.S.4B.TS.Ap.30 | B32: =_xlfn.CONCAT(VLOOKUP(Check[[#This Row],[סטטוס]],Sold,2,FALSE),IF(Check[[#This Row],[סטטוס]]="פנויה",IF(N32="גמר מלא סטנדרט",".GMS",IF(N32="גמר מלא טיוב חומרים",".GMC",IF(N32="גמר מינימלי",".GM",IF(N32="דירת שיווק",".DS","")))),""),IF(M32="זומן לטרום",".ZLT",IF(M32="טרום מסירה",".TM",IF(M32="טרום מסירה מהנדס",".TMM",IF(M32="מסירת חזקה",".MH",IF(M32="מסירת חזקה מהנדס",".MHM",""))))),".",VLOOKUP(Check[[#This Row],[טיפוס]],Tipus[],5,FALSE),".",VLOOKUP(Check[[#This Row],[מגדל]],Tower,2,FALSE),".Ap.",Check[[#This Row],[מספר דירה]]) -> V.GMS.S.4B.TS.Ap.30 | C32: דרומי | D32: 4 | E32: 30 | F32: 410 | G32: 4B | H32: =VLOOKUP(Check[[#This Row],[טיפוס]],Tipus[],2,FALSE) -> 4 | I32: =VLOOKUP(Check[[#This Row],[טיפוס]],Tipus[],3,FALSE) -> סטנדרט | J32: =VLOOKUP(Check[[#This Row],[טיפוס]],Tipus[],4,FALSE) -> H | K32: =IF(Check[[#This Row],[סטטוס2]]="הולד","פנויה",Check[[#This Row],[סטטוס2]]) -> פנויה | L32: פנויה | N32: גמר מלא סטנדרט | O32: יש תוכניות ובחירת גמר עפ"י שיחה עם אלון | P32: יש בחירות ותוכניות
A33: =_xlfn.CONCAT(VLOOKUP(Check[[#This Row],[סטטוס]],Sold,2,FALSE),IF(Check[[#This Row],[סטטוס]]="פנויה",IF(N33="גמר מלא סטנדרט",".GMS",IF(N33="גמר מלא טיוב חומרים",".GMC",IF(N33="גמר מינימלי",".GM",IF(N33="דירת שיווק",".DS","")))),""),".",VLOOKUP(Check[[#This Row],[טיפוס]],Tipus[],5,FALSE),".",VLOOKUP(Check[[#This Row],[מגדל]],Tower,2,FALSE),".Ap.",Check[[#This Row],[מספר דירה]]) -> O.S.2A.TS.Ap.31 | B33: =_xlfn.CONCAT(VLOOKUP(Check[[#This Row],[סטטוס]],Sold,2,FALSE),IF(Check[[#This Row],[סטטוס]]="פנויה",IF(N33="גמר מלא סטנדרט",".GMS",IF(N33="גמר מלא טיוב חומרים",".GMC",IF(N33="גמר מינימלי",".GM",IF(N33="דירת שיווק",".DS","")))),""),IF(M33="זומן לטרום",".ZLT",IF(M33="טרום מסירה",".TM",IF(M33="טרום מסירה מהנדס",".TMM",IF(M33="מסירת חזקה",".MH",IF(M33="מסירת חזקה מהנדס",".MHM",""))))),".",VLOOKUP(Check[[#This Row],[טיפוס]],Tipus[],5,FALSE),".",VLOOKUP(Check[[#This Row],[מגדל]],Tower,2,FALSE),".Ap.",Check[[#This Row],[מספר דירה]]) -> O.S.2A.TS.Ap.31 | C33: דרומי | D33: 5 | E33: 31 | F33: 501 | G33: 2A | H33: =VLOOKUP(Check[[#This Row],[טיפוס]],Tipus[],2,FALSE) -> 2 | I33: =VLOOKUP(Check[[#This Row],[טיפוס]],Tipus[],3,FALSE) -> סטנדרט | J33: =VLOOKUP(Check[[#This Row],[טיפוס]],Tipus[],4,FALSE) -> G | K33: =IF(Check[[#This Row],[סטטוס2]]="הולד","פנויה",Check[[#This Row],[סטטוס2]]) -> בעלים | L33: בעלים | S33: 44040 | T33: יורי גלמן | U33: 4199
A34: =_xlfn.CONCAT(VLOOKUP(Check[[#This Row],[סטטוס]],Sold,2,FALSE),IF(Check[[#This Row],[סטטוס]]="פנויה",IF(N34="גמר מלא סטנדרט",".GMS",IF(N34="גמר מלא טיוב חומרים",".GMC",IF(N34="גמר מינימלי",".GM",IF(N34="דירת שיווק",".DS","")))),""),".",VLOOKUP(Check[[#This Row],[טיפוס]],Tipus[],5,FALSE),".",VLOOKUP(Check[[#This Row],[מגדל]],Tower,2,FALSE),".Ap.",Check[[#This Row],[מספר דירה]]) -> O.S.2B.TS.Ap.32 | B34: =_xlfn.CONCAT(VLOOKUP(Check[[#This Row],[סטטוס]],Sold,2,FALSE),IF(Check[[#This Row],[סטטוס]]="פנויה",IF(N34="גמר מלא סטנדרט",".GMS",IF(N34="גמר מלא טיוב חומרים",".GMC",IF(N34="גמר מינימלי",".GM",IF(N34="דירת שיווק",".DS","")))),""),IF(M34="זומן לטרום",".ZLT",IF(M34="טרום מסירה",".TM",IF(M34="טרום מסירה מהנדס",".TMM",IF(M34="מסירת חזקה",".MH",IF(M34="מסירת חזקה מהנדס",".MHM",""))))),".",VLOOKUP(Check[[#This Row],[טיפוס]],Tipus[],5,FALSE),".",VLOOKUP(Check[[#This Row],[מגדל]],Tower,2,FALSE),".Ap.",Check[[#This Row],[מספר דירה]]) -> O.TM.S.2B.TS.Ap.32 | C34: דרומי | D34: 5 | E34: 32 | F34: 502 | G34: 2B | H34: =VLOOKUP(Check[[#This Row],[טיפוס]],Tipus[],2,FALSE) -> 2 | I34: =VLOOKUP(Check[[#This Row],[טיפוס]],Tipus[],3,FALSE) -> סטנדרט | J34: =VLOOKUP(Check[[#This Row],[טיפוס]],Tipus[],4,FALSE) -> F | K34: =IF(Check[[#This Row],[סטטוס2]]="הולד","פנויה",Check[[#This Row],[סטטוס2]]) -> בעלים | L34: בעלים | M34: טרום מסירה | S34: 44040 | T34: שרון וייסמן | U34: 5205
A35: =_xlfn.CONCAT(VLOOKUP(Check[[#This Row],[סטטוס]],Sold,2,FALSE),IF(Check[[#This Row],[סטטוס]]="פנויה",IF(N35="גמר מלא סטנדרט",".GMS",IF(N35="גמר מלא טיוב חומרים",".GMC",IF(N35="גמר מינימלי",".GM",IF(N35="דירת שיווק",".DS","")))),""),".",VLOOKUP(Check[[#This Row],[טיפוס]],Tipus[],5,FALSE),".",VLOOKUP(Check[[#This Row],[מגדל]],Tower,2,FALSE),".Ap.",Check[[#This Row],[מספר דירה]]) -> O.S.2C.TS.Ap.33 | B35: =_xlfn.CONCAT(VLOOKUP(Check[[#This Row],[סטטוס]],Sold,2,FALSE),IF(Check[[#This Row],[סטטוס]]="פנויה",IF(N35="גמר מלא סטנדרט",".GMS",IF(N35="גמר מלא טיוב חומרים",".GMC",IF(N35="גמר מינימלי",".GM",IF(N35="דירת שיווק",".DS","")))),""),IF(M35="זומן לטרום",".ZLT",IF(M35="טרום מסירה",".TM",IF(M35="טרום מסירה מהנדס",".TMM",IF(M35="מסירת חזקה",".MH",IF(M35="מסירת חזקה מהנדס",".MHM",""))))),".",VLOOKUP(Check[[#This Row],[טיפוס]],Tipus[],5,FALSE),".",VLOOKUP(Check[[#This Row],[מגדל]],Tower,2,FALSE),".Ap.",Check[[#This Row],[מספר דירה]]) -> O.S.2C.TS.Ap.33 | C35: דרומי | D35: 5 | E35: 33 | F35: 503 | G35: 2C | H35: =VLOOKUP(Check[[#This Row],[טיפוס]],Tipus[],2,FALSE) -> 2 | I35: =VLOOKUP(Check[[#This Row],[טיפוס]],Tipus[],3,FALSE) -> סטנדרט | J35: =VLOOKUP(Check[[#This Row],[טיפוס]],Tipus[],4,FALSE) -> E | K35: =IF(Check[[#This Row],[סטטוס2]]="הולד","פנויה",Check[[#This Row],[סטטוס2]]) -> בעלים | L35: בעלים | S35: 44040 | T35: יהודה רזניקוב | U35: 5190
A36: =_xlfn.CONCAT(VLOOKUP(Check[[#This Row],[סטטוס]],Sold,2,FALSE),IF(Check[[#This Row],[סטטוס]]="פנויה",IF(N36="גמר מלא סטנדרט",".GMS",IF(N36="גמר מלא טיוב חומרים",".GMC",IF(N36="גמר מינימלי",".GM",IF(N36="דירת שיווק",".DS","")))),""),".",VLOOKUP(Check[[#This Row],[טיפוס]],Tipus[],5,FALSE),".",VLOOKUP(Check[[#This Row],[מגדל]],Tower,2,FALSE),".Ap.",Check[[#This Row],[מספר דירה]]) -> O.S.3A.TS.Ap.34 | B36: =_xlfn.CONCAT(VLOOKUP(Check[[#This Row],[סטטוס]],Sold,2,FALSE),IF(Check[[#This Row],[סטטוס]]="פנויה",IF(N36="גמר מלא סטנדרט",".GMS",IF(N36="גמר מלא טיוב חומרים",".GMC",IF(N36="גמר מינימלי",".GM",IF(N36="דירת שיווק",".DS","")))),""),IF(M36="זומן לטרום",".ZLT",IF(M36="טרום מסירה",".TM",IF(M36="טרום מסירה מהנדס",".TMM",IF(M36="מסירת חזקה",".MH",IF(M36="מסירת חזקה מהנדס",".MHM",""))))),".",VLOOKUP(Check[[#This Row],[טיפוס]],Tipus[],5,FALSE),".",VLOOKUP(Check[[#This Row],[מגדל]],Tower,2,FALSE),".Ap.",Check[[#This Row],[מספר דירה]]) -> O.TM.S.3A.TS.Ap.34 | C36: דרומי | D36: 5 | E36: 34 | F36: 504 | G36: 3A | H36: =VLOOKUP(Check[[#This Row],[טיפוס]],Tipus[],2,FALSE) -> 3 | I36: =VLOOKUP(Check[[#This Row],[טיפוס]],Tipus[],3,FALSE) -> סטנדרט | J36: =VLOOKUP(Check[[#This Row],[טיפוס]],Tipus[],4,FALSE) -> D | K36: =IF(Check[[#This Row],[סטטוס2]]="הולד","פנויה",Check[[#This Row],[סטטוס2]]) -> בעלים | L36: בעלים | M36: טרום מסירה | S36: 44040 | T36: ישראל אביאב | U36: 3214 | W36: 5-25
A37: =_xlfn.CONCAT(VLOOKUP(Check[[#This Row],[סטטוס]],Sold,2,FALSE),IF(Check[[#This Row],[סטטוס]]="פנויה",IF(N37="גמר מלא סטנדרט",".GMS",IF(N37="גמר מלא טיוב חומרים",".GMC",IF(N37="גמר מינימלי",".GM",IF(N37="דירת שיווק",".DS","")))),""),".",VLOOKUP(Check[[#This Row],[טיפוס]],Tipus[],5,FALSE),".",VLOOKUP(Check[[#This Row],[מגדל]],Tower,2,FALSE),".Ap.",Check[[#This Row],[מספר דירה]]) -> S.S.2D.TS.Ap.35 | B37: =_xlfn.CONCAT(VLOOKUP(Check[[#This Row],[סטטוס]],Sold,2,FALSE),IF(Check[[#This Row],[סטטוס]]="פנויה",IF(N37="גמר מלא סטנדרט",".GMS",IF(N37="גמר מלא טיוב חומרים",".GMC",IF(N37="גמר מינימלי",".GM",IF(N37="דירת שיווק",".DS","")))),""),IF(M37="זומן לטרום",".ZLT",IF(M37="טרום מסירה",".TM",IF(M37="טרום מסירה מהנדס",".TMM",IF(M37="מסירת חזקה",".MH",IF(M37="מסירת חזקה מהנדס",".MHM",""))))),".",VLOOKUP(Check[[#This Row],[טיפוס]],Tipus[],5,FALSE),".",VLOOKUP(Check[[#This Row],[מגדל]],Tower,2,FALSE),".Ap.",Check[[#This Row],[מספר דירה]]) -> S.TM.S.2D.TS.Ap.35 | C37: דרומי | D37: 5 | E37: 35 | F37: 505 | G37: 2D | H37: =VLOOKUP(Check[[#This Row],[טיפוס]],Tipus[],2,FALSE) -> 2 | I37: =VLOOKUP(Check[[#This Row],[טיפוס]],Tipus[],3,FALSE) -> סטנדרט | J37: =VLOOKUP(Check[[#This Row],[טיפוס]],Tipus[],4,FALSE) -> C | K37: =IF(Check[[#This Row],[סטטוס2]]="הולד","פנויה",Check[[#This Row],[סטטוס2]]) -> מכורה | L37: מכורה | M37: טרום מסירה | S37: 44518 | T37: סיטב קווין אמסלם
A38: =_xlfn.CONCAT(VLOOKUP(Check[[#This Row],[סטטוס]],Sold,2,FALSE),IF(Check[[#This Row],[סטטוס]]="פנויה",IF(N38="גמר מלא סטנדרט",".GMS",IF(N38="גמר מלא טיוב חומרים",".GMC",IF(N38="גמר מינימלי",".GM",IF(N38="דירת שיווק",".DS","")))),""),".",VLOOKUP(Check[[#This Row],[טיפוס]],Tipus[],5,FALSE),".",VLOOKUP(Check[[#This Row],[מגדל]],Tower,2,FALSE),".Ap.",Check[[#This Row],[מספר דירה]]) -> S.S.2E.TS.Ap.36 | B38: =_xlfn.CONCAT(VLOOKUP(Check[[#This Row],[סטטוס]],Sold,2,FALSE),IF(Check[[#This Row],[סטטוס]]="פנויה",IF(N38="גמר מלא סטנדרט",".GMS",IF(N38="גמר מלא טיוב חומרים",".GMC",IF(N38="גמר מינימלי",".GM",IF(N38="דירת שיווק",".DS","")))),""),IF(M38="זומן לטרום",".ZLT",IF(M38="טרום מסירה",".TM",IF(M38="טרום מסירה מהנדס",".TMM",IF(M38="מסירת חזקה",".MH",IF(M38="מסירת חזקה מהנדס",".MHM",""))))),".",VLOOKUP(Check[[#This Row],[טיפוס]],Tipus[],5,FALSE),".",VLOOKUP(Check[[#This Row],[מגדל]],Tower,2,FALSE),".Ap.",Check[[#This Row],[מספר דירה]]) -> S.TM.S.2E.TS.Ap.36 | C38: דרומי | D38: 5 | E38: 36 | F38: 506 | G38: 2E | H38: =VLOOKUP(Check[[#This Row],[טיפוס]],Tipus[],2,FALSE) -> 2 | I38: =VLOOKUP(Check[[#This Row],[טיפוס]],Tipus[],3,FALSE) -> סטנדרט | J38: =VLOOKUP(Check[[#This Row],[טיפוס]],Tipus[],4,FALSE) -> B | K38: =IF(Check[[#This Row],[סטטוס2]]="הולד","פנויה",Check[[#This Row],[סטטוס2]]) -> מכורה | L38: מכורה | M38: טרום מסירה | S38: 44783 | T38: תומר חסיד, אבישג אוסנת חסיד
A39: =_xlfn.CONCAT(VLOOKUP(Check[[#This Row],[סטטוס]],Sold,2,FALSE),IF(Check[[#This Row],[סטטוס]]="פנויה",IF(N39="גמר מלא סטנדרט",".GMS",IF(N39="גמר מלא טיוב חומרים",".GMC",IF(N39="גמר מינימלי",".GM",IF(N39="דירת שיווק",".DS","")))),""),".",VLOOKUP(Check[[#This Row],[טיפוס]],Tipus[],5,FALSE),".",VLOOKUP(Check[[#This Row],[מגדל]],Tower,2,FALSE),".Ap.",Check[[#This Row],[מספר דירה]]) -> O.S.2F.TS.Ap.37 | B39: =_xlfn.CONCAT(VLOOKUP(Check[[#This Row],[סטטוס]],Sold,2,FALSE),IF(Check[[#This Row],[סטטוס]]="פנויה",IF(N39="גמר מלא סטנדרט",".GMS",IF(N39="גמר מלא טיוב חומרים",".GMC",IF(N39="גמר מינימלי",".GM",IF(N39="דירת שיווק",".DS","")))),""),IF(M39="זומן לטרום",".ZLT",IF(M39="טרום מסירה",".TM",IF(M39="טרום מסירה מהנדס",".TMM",IF(M39="מסירת חזקה",".MH",IF(M39="מסירת חזקה מהנדס",".MHM",""))))),".",VLOOKUP(Check[[#This Row],[טיפוס]],Tipus[],5,FALSE),".",VLOOKUP(Check[[#This Row],[מגדל]],Tower,2,FALSE),".Ap.",Check[[#This Row],[מספר דירה]]) -> O.S.2F.TS.Ap.37 | C39: דרומי | D39: 5 | E39: 37 | F39: 507 | G39: 2F | H39: =VLOOKUP(Check[[#This Row],[טיפוס]],Tipus[],2,FALSE) -> 2 | I39: =VLOOKUP(Check[[#This Row],[טיפוס]],Tipus[],3,FALSE) -> סטנדרט | J39: =VLOOKUP(Check[[#This Row],[טיפוס]],Tipus[],4,FALSE) -> A | K39: =IF(Check[[#This Row],[סטטוס2]]="הולד","פנויה",Check[[#This Row],[סטטוס2]]) -> בעלים | L39: בעלים | S39: 44040 | T39: שני בר גיל כהן | U39: 4206 | W39: 3-51
A40: =_xlfn.CONCAT(VLOOKUP(Check[[#This Row],[סטטוס]],Sold,2,FALSE),IF(Check[[#This Row],[סטטוס]]="פנויה",IF(N40="גמר מלא סטנדרט",".GMS",IF(N40="גמר מלא טיוב חומרים",".GMC",IF(N40="גמר מינימלי",".GM",IF(N40="דירת שיווק",".DS","")))),""),".",VLOOKUP(Check[[#This Row],[טיפוס]],Tipus[],5,FALSE),".",VLOOKUP(Check[[#This Row],[מגדל]],Tower,2,FALSE),".Ap.",Check[[#This Row],[מספר דירה]]) -> V.GMS.S.4A.TS.Ap.38 | B40: =_xlfn.CONCAT(VLOOKUP(Check[[#This Row],[סטטוס]],Sold,2,FALSE),IF(Check[[#This Row],[סטטוס]]="פנויה",IF(N40="גמר מלא סטנדרט",".GMS",IF(N40="גמר מלא טיוב חומרים",".GMC",IF(N40="גמר מינימלי",".GM",IF(N40="דירת שיווק",".DS","")))),""),IF(M40="זומן לטרום",".ZLT",IF(M40="טרום מסירה",".TM",IF(M40="טרום מסירה מהנדס",".TMM",IF(M40="מסירת חזקה",".MH",IF(M40="מסירת חזקה מהנדס",".MHM",""))))),".",VLOOKUP(Check[[#This Row],[טיפוס]],Tipus[],5,FALSE),".",VLOOKUP(Check[[#This Row],[מגדל]],Tower,2,FALSE),".Ap.",Check[[#This Row],[מספר דירה]]) -> V.GMS.S.4A.TS.Ap.38 | C40: דרומי | D40: 5 | E40: 38 | F40: 508 | G40: 4A | H40: =VLOOKUP(Check[[#This Row],[טיפוס]],Tipus[],2,FALSE) -> 4 | I40: =VLOOKUP(Check[[#This Row],[טיפוס]],Tipus[],3,FALSE) -> סטנדרט | J40: =VLOOKUP(Check[[#This Row],[טיפוס]],Tipus[],4,FALSE) -> J | K40: =IF(Check[[#This Row],[סטטוס2]]="הולד","פנויה",Check[[#This Row],[סטטוס2]]) -> פנויה | L40: פנויה | N40: גמר מלא סטנדרט | O40: יש תוכניות ובחירת גמר עפ"י שיחה עם אלון | P40: יש בחירות ותוכניות
A41: =_xlfn.CONCAT(VLOOKUP(Check[[#This Row],[סטטוס]],Sold,2,FALSE),IF(Check[[#This Row],[סטטוס]]="פנויה",IF(N41="גמר מלא סטנדרט",".GMS",IF(N41="גמר מלא טיוב חומרים",".GMC",IF(N41="גמר מינימלי",".GM",IF(N41="דירת שיווק",".DS","")))),""),".",VLOOKUP(Check[[#This Row],[טיפוס]],Tipus[],5,FALSE),".",VLOOKUP(Check[[#This Row],[מגדל]],Tower,2,FALSE),".Ap.",Check[[#This Row],[מספר דירה]]) -> O.S.2G.TS.Ap.39 | B41: =_xlfn.CONCAT(VLOOKUP(Check[[#This Row],[סטטוס]],Sold,2,FALSE),IF(Check[[#This Row],[סטטוס]]="פנויה",IF(N41="גמר מלא סטנדרט",".GMS",IF(N41="גמר מלא טיוב חומרים",".GMC",IF(N41="גמר מינימלי",".GM",IF(N41="דירת שיווק",".DS","")))),""),IF(M41="זומן לטרום",".ZLT",IF(M41="טרום מסירה",".TM",IF(M41="טרום מסירה מהנדס",".TMM",IF(M41="מסירת חזקה",".MH",IF(M41="מסירת חזקה מהנדס",".MHM",""))))),".",VLOOKUP(Check[[#This Row],[טיפוס]],Tipus[],5,FALSE),".",VLOOKUP(Check[[#This Row],[מגדל]],Tower,2,FALSE),".Ap.",Check[[#This Row],[מספר דירה]]) -> O.TM.S.2G.TS.Ap.39 | C41: דרומי | D41: 5 | E41: 39 | F41: 509 | G41: 2G | H41: =VLOOKUP(Check[[#This Row],[טיפוס]],Tipus[],2,FALSE) -> 2 | I41: =VLOOKUP(Check[[#This Row],[טיפוס]],Tipus[],3,FALSE) -> סטנדרט | J41: =VLOOKUP(Check[[#This Row],[טיפוס]],Tipus[],4,FALSE) -> I | K41: =IF(Check[[#This Row],[סטטוס2]]="הולד","פנויה",Check[[#This Row],[סטטוס2]]) -> בעלים | L41: בעלים | M41: טרום מסירה | S41: 44040 | T41: שני בר גיל כהן | U41: 4201
A42: =_xlfn.CONCAT(VLOOKUP(Check[[#This Row],[סטטוס]],Sold,2,FALSE),IF(Check[[#This Row],[סטטוס]]="פנויה",IF(N42="גמר מלא סטנדרט",".GMS",IF(N42="גמר מלא טיוב חומרים",".GMC",IF(N42="גמר מינימלי",".GM",IF(N42="דירת שיווק",".DS","")))),""),".",VLOOKUP(Check[[#This Row],[טיפוס]],Tipus[],5,FALSE),".",VLOOKUP(Check[[#This Row],[מגדל]],Tower,2,FALSE),".Ap.",Check[[#This Row],[מספר דירה]]) -> V.GMS.S.4B.TS.Ap.40 | B42: =_xlfn.CONCAT(VLOOKUP(Check[[#This Row],[סטטוס]],Sold,2,FALSE),IF(Check[[#This Row],[סטטוס]]="פנויה",IF(N42="גמר מלא סטנדרט",".GMS",IF(N42="גמר מלא טיוב חומרים",".GMC",IF(N42="גמר מינימלי",".GM",IF(N42="דירת שיווק",".DS","")))),""),IF(M42="זומן לטרום",".ZLT",IF(M42="טרום מסירה",".TM",IF(M42="טרום מסירה מהנדס",".TMM",IF(M42="מסירת חזקה",".MH",IF(M42="מסירת חזקה מהנדס",".MHM",""))))),".",VLOOKUP(Check[[#This Row],[טיפוס]],Tipus[],5,FALSE),".",VLOOKUP(Check[[#This Row],[מגדל]],Tower,2,FALSE),".Ap.",Check[[#This Row],[מספר דירה]]) -> V.GMS.S.4B.TS.Ap.40 | C42: דרומי | D42: 5 | E42: 40 | F42: 510 | G42: 4B | H42: =VLOOKUP(Check[[#This Row],[טיפוס]],Tipus[],2,FALSE) -> 4 | I42: =VLOOKUP(Check[[#This Row],[טיפוס]],Tipus[],3,FALSE) -> סטנדרט | J42: =VLOOKUP(Check[[#This Row],[טיפוס]],Tipus[],4,FALSE) -> H | K42: =IF(Check[[#This Row],[סטטוס2]]="הולד","פנויה",Check[[#This Row],[סטטוס2]]) -> פנויה | L42: פנויה | N42: גמר מלא סטנדרט | O42: יש תוכניות ובחירת גמר עפ"י שיחה עם אלון | P42: יש בחירות ותוכניות
A43: =_xlfn.CONCAT(VLOOKUP(Check[[#This Row],[סטטוס]],Sold,2,FALSE),IF(Check[[#This Row],[סטטוס]]="פנויה",IF(N43="גמר מלא סטנדרט",".GMS",IF(N43="גמר מלא טיוב חומרים",".GMC",IF(N43="גמר מינימלי",".GM",IF(N43="דירת שיווק",".DS","")))),""),".",VLOOKUP(Check[[#This Row],[טיפוס]],Tipus[],5,FALSE),".",VLOOKUP(Check[[#This Row],[מגדל]],Tower,2,FALSE),".Ap.",Check[[#This Row],[מספר דירה]]) -> S.S.2A.TS.Ap.41 | B43: =_xlfn.CONCAT(VLOOKUP(Check[[#This Row],[סטטוס]],Sold,2,FALSE),IF(Check[[#This Row],[סטטוס]]="פנויה",IF(N43="גמר מלא סטנדרט",".GMS",IF(N43="גמר מלא טיוב חומרים",".GMC",IF(N43="גמר מינימלי",".GM",IF(N43="דירת שיווק",".DS","")))),""),IF(M43="זומן לטרום",".ZLT",IF(M43="טרום מסירה",".TM",IF(M43="טרום מסירה מהנדס",".TMM",IF(M43="מסירת חזקה",".MH",IF(M43="מסירת חזקה מהנדס",".MHM",""))))),".",VLOOKUP(Check[[#This Row],[טיפוס]],Tipus[],5,FALSE),".",VLOOKUP(Check[[#This Row],[מגדל]],Tower,2,FALSE),".Ap.",Check[[#This Row],[מספר דירה]]) -> S.S.2A.TS.Ap.41 | C43: דרומי | D43: 6 | E43: 41 | F43: 601 | G43: 2A | H43: =VLOOKUP(Check[[#This Row],[טיפוס]],Tipus[],2,FALSE) -> 2 | I43: =VLOOKUP(Check[[#This Row],[טיפוס]],Tipus[],3,FALSE) -> סטנדרט | J43: =VLOOKUP(Check[[#This Row],[טיפוס]],Tipus[],4,FALSE) -> G | K43: =IF(Check[[#This Row],[סטטוס2]]="הולד","פנויה",Check[[#This Row],[סטטוס2]]) -> מכורה | L43: מכורה | S43: 44544 | T43: עמרי אוחיון
A44: =_xlfn.CONCAT(VLOOKUP(Check[[#This Row],[סטטוס]],Sold,2,FALSE),IF(Check[[#This Row],[סטטוס]]="פנויה",IF(N44="גמר מלא סטנדרט",".GMS",IF(N44="גמר מלא טיוב חומרים",".GMC",IF(N44="גמר מינימלי",".GM",IF(N44="דירת שיווק",".DS","")))),""),".",VLOOKUP(Check[[#This Row],[טיפוס]],Tipus[],5,FALSE),".",VLOOKUP(Check[[#This Row],[מגדל]],Tower,2,FALSE),".Ap.",Check[[#This Row],[מספר דירה]]) -> O.S.2B.TS.Ap.42 | B44: =_xlfn.CONCAT(VLOOKUP(Check[[#This Row],[סטטוס]],Sold,2,FALSE),IF(Check[[#This Row],[סטטוס]]="פנויה",IF(N44="גמר מלא סטנדרט",".GMS",IF(N44="גמר מלא טיוב חומרים",".GMC",IF(N44="גמר מינימלי",".GM",IF(N44="דירת שיווק",".DS","")))),""),IF(M44="זומן לטרום",".ZLT",IF(M44="טרום מסירה",".TM",IF(M44="טרום מסירה מהנדס",".TMM",IF(M44="מסירת חזקה",".MH",IF(M44="מסירת חזקה מהנדס",".MHM",""))))),".",VLOOKUP(Check[[#This Row],[טיפוס]],Tipus[],5,FALSE),".",VLOOKUP(Check[[#This Row],[מגדל]],Tower,2,FALSE),".Ap.",Check[[#This Row],[מספר דירה]]) -> O.TM.S.2B.TS.Ap.42 | C44: דרומי | D44: 6 | E44: 42 | F44: 602 | G44: 2B | H44: =VLOOKUP(Check[[#This Row],[טיפוס]],Tipus[],2,FALSE) -> 2 | I44: =VLOOKUP(Check[[#This Row],[טיפוס]],Tipus[],3,FALSE) -> סטנדרט | J44: =VLOOKUP(Check[[#This Row],[טיפוס]],Tipus[],4,FALSE) -> F | K44: =IF(Check[[#This Row],[סטטוס2]]="הולד","פנויה",Check[[#This Row],[סטטוס2]]) -> בעלים | L44: בעלים | M44: טרום מסירה | S44: 44040 | T44: ישראל אביאב | U44: 5201
A45: =_xlfn.CONCAT(VLOOKUP(Check[[#This Row],[סטטוס]],Sold,2,FALSE),IF(Check[[#This Row],[סטטוס]]="פנויה",IF(N45="גמר מלא סטנדרט",".GMS",IF(N45="גמר מלא טיוב חומרים",".GMC",IF(N45="גמר מינימלי",".GM",IF(N45="דירת שיווק",".DS","")))),""),".",VLOOKUP(Check[[#This Row],[טיפוס]],Tipus[],5,FALSE),".",VLOOKUP(Check[[#This Row],[מגדל]],Tower,2,FALSE),".Ap.",Check[[#This Row],[מספר דירה]]) -> O.S.2C.TS.Ap.43 | B45: =_xlfn.CONCAT(VLOOKUP(Check[[#This Row],[סטטוס]],Sold,2,FALSE),IF(Check[[#This Row],[סטטוס]]="פנויה",IF(N45="גמר מלא סטנדרט",".GMS",IF(N45="גמר מלא טיוב חומרים",".GMC",IF(N45="גמר מינימלי",".GM",IF(N45="דירת שיווק",".DS","")))),""),IF(M45="זומן לטרום",".ZLT",IF(M45="טרום מסירה",".TM",IF(M45="טרום מסירה מהנדס",".TMM",IF(M45="מסירת חזקה",".MH",IF(M45="מסירת חזקה מהנדס",".MHM",""))))),".",VLOOKUP(Check[[#This Row],[טיפוס]],Tipus[],5,FALSE),".",VLOOKUP(Check[[#This Row],[מגדל]],Tower,2,FALSE),".Ap.",Check[[#This Row],[מספר דירה]]) -> O.S.2C.TS.Ap.43 | C45: דרומי | D45: 6 | E45: 43 | F45: 603 | G45: 2C | H45: =VLOOKUP(Check[[#This Row],[טיפוס]],Tipus[],2,FALSE) -> 2 | I45: =VLOOKUP(Check[[#This Row],[טיפוס]],Tipus[],3,FALSE) -> סטנדרט | J45: =VLOOKUP(Check[[#This Row],[טיפוס]],Tipus[],4,FALSE) -> E | K45: =IF(Check[[#This Row],[סטטוס2]]="הולד","פנויה",Check[[#This Row],[סטטוס2]]) -> בעלים | L45: בעלים | S45: 44040 | T45: ברק קראוס | U45: 5194 | W45: 5-43
A46: =_xlfn.CONCAT(VLOOKUP(Check[[#This Row],[סטטוס]],Sold,2,FALSE),IF(Check[[#This Row],[סטטוס]]="פנויה",IF(N46="גמר מלא סטנדרט",".GMS",IF(N46="גמר מלא טיוב חומרים",".GMC",IF(N46="גמר מינימלי",".GM",IF(N46="דירת שיווק",".DS","")))),""),".",VLOOKUP(Check[[#This Row],[טיפוס]],Tipus[],5,FALSE),".",VLOOKUP(Check[[#This Row],[מגדל]],Tower,2,FALSE),".Ap.",Check[[#This Row],[מספר דירה]]) -> O.S.3A.TS.Ap.44 | B46: =_xlfn.CONCAT(VLOOKUP(Check[[#This Row],[סטטוס]],Sold,2,FALSE),IF(Check[[#This Row],[סטטוס]]="פנויה",IF(N46="גמר מלא סטנדרט",".GMS",IF(N46="גמר מלא טיוב חומרים",".GMC",IF(N46="גמר מינימלי",".GM",IF(N46="דירת שיווק",".DS","")))),""),IF(M46="זומן לטרום",".ZLT",IF(M46="טרום מסירה",".TM",IF(M46="טרום מסירה מהנדס",".TMM",IF(M46="מסירת חזקה",".MH",IF(M46="מסירת חזקה מהנדס",".MHM",""))))),".",VLOOKUP(Check[[#This Row],[טיפוס]],Tipus[],5,FALSE),".",VLOOKUP(Check[[#This Row],[מגדל]],Tower,2,FALSE),".Ap.",Check[[#This Row],[מספר דירה]]) -> O.S.3A.TS.Ap.44 | C46: דרומי | D46: 6 | E46: 44 | F46: 604 | G46: 3A | H46: =VLOOKUP(Check[[#This Row],[טיפוס]],Tipus[],2,FALSE) -> 3 | I46: =VLOOKUP(Check[[#This Row],[טיפוס]],Tipus[],3,FALSE) -> סטנדרט | J46: =VLOOKUP(Check[[#This Row],[טיפוס]],Tipus[],4,FALSE) -> D | K46: =IF(Check[[#This Row],[סטטוס2]]="הולד","פנויה",Check[[#This Row],[סטטוס2]]) -> בעלים | L46: בעלים | S46: 44040 | T46: ברק קראוס | U46: 3213
A47: =_xlfn.CONCAT(VLOOKUP(Check[[#This Row],[סטטוס]],Sold,2,FALSE),IF(Check[[#This Row],[סטטוס]]="פנויה",IF(N47="גמר מלא סטנדרט",".GMS",IF(N47="גמר מלא טיוב חומרים",".GMC",IF(N47="גמר מינימלי",".GM",IF(N47="דירת שיווק",".DS","")))),""),".",VLOOKUP(Check[[#This Row],[טיפוס]],Tipus[],5,FALSE),".",VLOOKUP(Check[[#This Row],[מגדל]],Tower,2,FALSE),".Ap.",Check[[#This Row],[מספר דירה]]) -> O.S.2D.TS.Ap.45 | B47: =_xlfn.CONCAT(VLOOKUP(Check[[#This Row],[סטטוס]],Sold,2,FALSE),IF(Check[[#This Row],[סטטוס]]="פנויה",IF(N47="גמר מלא סטנדרט",".GMS",IF(N47="גמר מלא טיוב חומרים",".GMC",IF(N47="גמר מינימלי",".GM",IF(N47="דירת שיווק",".DS","")))),""),IF(M47="זומן לטרום",".ZLT",IF(M47="טרום מסירה",".TM",IF(M47="טרום מסירה מהנדס",".TMM",IF(M47="מסירת חזקה",".MH",IF(M47="מסירת חזקה מהנדס",".MHM",""))))),".",VLOOKUP(Check[[#This Row],[טיפוס]],Tipus[],5,FALSE),".",VLOOKUP(Check[[#This Row],[מגדל]],Tower,2,FALSE),".Ap.",Check[[#This Row],[מספר דירה]]) -> O.TM.S.2D.TS.Ap.45 | C47: דרומי | D47: 6 | E47: 45 | F47: 605 | G47: 2D | H47: =VLOOKUP(Check[[#This Row],[טיפוס]],Tipus[],2,FALSE) -> 2 | I47: =VLOOKUP(Check[[#This Row],[טיפוס]],Tipus[],3,FALSE) -> סטנדרט | J47: =VLOOKUP(Check[[#This Row],[טיפוס]],Tipus[],4,FALSE) -> C | K47: =IF(Check[[#This Row],[סטטוס2]]="הולד","פנויה",Check[[#This Row],[סטטוס2]]) -> בעלים | L47: בעלים | M47: טרום מסירה | S47: 44040 | T47: אתי יחזקאל | U47: 5188 | W47: 3-53
A48: =_xlfn.CONCAT(VLOOKUP(Check[[#This Row],[סטטוס]],Sold,2,FALSE),IF(Check[[#This Row],[סטטוס]]="פנויה",IF(N48="גמר מלא סטנדרט",".GMS",IF(N48="גמר מלא טיוב חומרים",".GMC",IF(N48="גמר מינימלי",".GM",IF(N48="דירת שיווק",".DS","")))),""),".",VLOOKUP(Check[[#This Row],[טיפוס]],Tipus[],5,FALSE),".",VLOOKUP(Check[[#This Row],[מגדל]],Tower,2,FALSE),".Ap.",Check[[#This Row],[מספר דירה]]) -> O.S.2E.TS.Ap.46 | B48: =_xlfn.CONCAT(VLOOKUP(Check[[#This Row],[סטטוס]],Sold,2,FALSE),IF(Check[[#This Row],[סטטוס]]="פנויה",IF(N48="גמר מלא סטנדרט",".GMS",IF(N48="גמר מלא טיוב חומרים",".GMC",IF(N48="גמר מינימלי",".GM",IF(N48="דירת שיווק",".DS","")))),""),IF(M48="זומן לטרום",".ZLT",IF(M48="טרום מסירה",".TM",IF(M48="טרום מסירה מהנדס",".TMM",IF(M48="מסירת חזקה",".MH",IF(M48="מסירת חזקה מהנדס",".MHM",""))))),".",VLOOKUP(Check[[#This Row],[טיפוס]],Tipus[],5,FALSE),".",VLOOKUP(Check[[#This Row],[מגדל]],Tower,2,FALSE),".Ap.",Check[[#This Row],[מספר דירה]]) -> O.TM.S.2E.TS.Ap.46 | C48: דרומי | D48: 6 | E48: 46 | F48: 606 | G48: 2E | H48: =VLOOKUP(Check[[#This Row],[טיפוס]],Tipus[],2,FALSE) -> 2 | I48: =VLOOKUP(Check[[#This Row],[טיפוס]],Tipus[],3,FALSE) -> סטנדרט | J48: =VLOOKUP(Check[[#This Row],[טיפוס]],Tipus[],4,FALSE) -> B | K48: =IF(Check[[#This Row],[סטטוס2]]="הולד","פנויה",Check[[#This Row],[סטטוס2]]) -> בעלים | L48: בעלים | M48: טרום מסירה | S48: 44040 | T48: שחר מוזס | U48: 5210 | W48: 3-53
A49: =_xlfn.CONCAT(VLOOKUP(Check[[#This Row],[סטטוס]],Sold,2,FALSE),IF(Check[[#This Row],[סטטוס]]="פנויה",IF(N49="גמר מלא סטנדרט",".GMS",IF(N49="גמר מלא טיוב חומרים",".GMC",IF(N49="גמר מינימלי",".GM",IF(N49="דירת שיווק",".DS","")))),""),".",VLOOKUP(Check[[#This Row],[טיפוס]],Tipus[],5,FALSE),".",VLOOKUP(Check[[#This Row],[מגדל]],Tower,2,FALSE),".Ap.",Check[[#This Row],[מספר דירה]]) -> S.S.2F.TS.Ap.47 | B49: =_xlfn.CONCAT(VLOOKUP(Check[[#This Row],[סטטוס]],Sold,2,FALSE),IF(Check[[#This Row],[סטטוס]]="פנויה",IF(N49="גמר מלא סטנדרט",".GMS",IF(N49="גמר מלא טיוב חומרים",".GMC",IF(N49="גמר מינימלי",".GM",IF(N49="דירת שיווק",".DS","")))),""),IF(M49="זומן לטרום",".ZLT",IF(M49="טרום מסירה",".TM",IF(M49="טרום מסירה מהנדס",".TMM",IF(M49="מסירת חזקה",".MH",IF(M49="מסירת חזקה מהנדס",".MHM",""))))),".",VLOOKUP(Check[[#This Row],[טיפוס]],Tipus[],5,FALSE),".",VLOOKUP(Check[[#This Row],[מגדל]],Tower,2,FALSE),".Ap.",Check[[#This Row],[מספר דירה]]) -> S.S.2F.TS.Ap.47 | C49: דרומי | D49: 6 | E49: 47 | F49: 607 | G49: 2F | H49: =VLOOKUP(Check[[#This Row],[טיפוס]],Tipus[],2,FALSE) -> 2 | I49: =VLOOKUP(Check[[#This Row],[טיפוס]],Tipus[],3,FALSE) -> סטנדרט | J49: =VLOOKUP(Check[[#This Row],[טיפוס]],Tipus[],4,FALSE) -> A | K49: =IF(Check[[#This Row],[סטטוס2]]="הולד","פנויה",Check[[#This Row],[סטטוס2]]) -> מכורה | L49: מכורה | S49: 44521 | T49: תומר קוקו השקעות בע"מ
A50: =_xlfn.CONCAT(VLOOKUP(Check[[#This Row],[סטטוס]],Sold,2,FALSE),IF(Check[[#This Row],[סטטוס]]="פנויה",IF(N50="גמר מלא סטנדרט",".GMS",IF(N50="גמר מלא טיוב חומרים",".GMC",IF(N50="גמר מינימלי",".GM",IF(N50="דירת שיווק",".DS","")))),""),".",VLOOKUP(Check[[#This Row],[טיפוס]],Tipus[],5,FALSE),".",VLOOKUP(Check[[#This Row],[מגדל]],Tower,2,FALSE),".Ap.",Check[[#This Row],[מספר דירה]]) -> O.S.4A.TS.Ap.48 | B50: =_xlfn.CONCAT(VLOOKUP(Check[[#This Row],[סטטוס]],Sold,2,FALSE),IF(Check[[#This Row],[סטטוס]]="פנויה",IF(N50="גמר מלא סטנדרט",".GMS",IF(N50="גמר מלא טיוב חומרים",".GMC",IF(N50="גמר מינימלי",".GM",IF(N50="דירת שיווק",".DS","")))),""),IF(M50="זומן לטרום",".ZLT",IF(M50="טרום מסירה",".TM",IF(M50="טרום מסירה מהנדס",".TMM",IF(M50="מסירת חזקה",".MH",IF(M50="מסירת חזקה מהנדס",".MHM",""))))),".",VLOOKUP(Check[[#This Row],[טיפוס]],Tipus[],5,FALSE),".",VLOOKUP(Check[[#This Row],[מגדל]],Tower,2,FALSE),".Ap.",Check[[#This Row],[מספר דירה]]) -> O.S.4A.TS.Ap.48 | C50: דרומי | D50: 6 | E50: 48 | F50: 608 | G50: 4A | H50: =VLOOKUP(Check[[#This Row],[טיפוס]],Tipus[],2,FALSE) -> 4 | I50: =VLOOKUP(Check[[#This Row],[טיפוס]],Tipus[],3,FALSE) -> סטנדרט | J50: =VLOOKUP(Check[[#This Row],[טיפוס]],Tipus[],4,FALSE) -> J | K50: =IF(Check[[#This Row],[סטטוס2]]="הולד","פנויה",Check[[#This Row],[סטטוס2]]) -> בעלים | L50: בעלים | S50: 44040 | T50: נאור ניסים ברזני
A51: =_xlfn.CONCAT(VLOOKUP(Check[[#This Row],[סטטוס]],Sold,2,FALSE),IF(Check[[#This Row],[סטטוס]]="פנויה",IF(N51="גמר מלא סטנדרט",".GMS",IF(N51="גמר מלא טיוב חומרים",".GMC",IF(N51="גמר מינימלי",".GM",IF(N51="דירת שיווק",".DS","")))),""),".",VLOOKUP(Check[[#This Row],[טיפוס]],Tipus[],5,FALSE),".",VLOOKUP(Check[[#This Row],[מגדל]],Tower,2,FALSE),".Ap.",Check[[#This Row],[מספר דירה]]) -> V.GMS.S.2G.TS.Ap.49 | B51: =_xlfn.CONCAT(VLOOKUP(Check[[#This Row],[סטטוס]],Sold,2,FALSE),IF(Check[[#This Row],[סטטוס]]="פנויה",IF(N51="גמר מלא סטנדרט",".GMS",IF(N51="גמר מלא טיוב חומרים",".GMC",IF(N51="גמר מינימלי",".GM",IF(N51="דירת שיווק",".DS","")))),""),IF(M51="זומן לטרום",".ZLT",IF(M51="טרום מסירה",".TM",IF(M51="טרום מסירה מהנדס",".TMM",IF(M51="מסירת חזקה",".MH",IF(M51="מסירת חזקה מהנדס",".MHM",""))))),".",VLOOKUP(Check[[#This Row],[טיפוס]],Tipus[],5,FALSE),".",VLOOKUP(Check[[#This Row],[מגדל]],Tower,2,FALSE),".Ap.",Check[[#This Row],[מספר דירה]]) -> V.GMS.S.2G.TS.Ap.49 | C51: דרומי | D51: 6 | E51: 49 | F51: 609 | G51: 2G | H51: =VLOOKUP(Check[[#This Row],[טיפוס]],Tipus[],2,FALSE) -> 2 | I51: =VLOOKUP(Check[[#This Row],[טיפוס]],Tipus[],3,FALSE) -> סטנדרט | J51: =VLOOKUP(Check[[#This Row],[טיפוס]],Tipus[],4,FALSE) -> I | K51: =IF(Check[[#This Row],[סטטוס2]]="הולד","פנויה",Check[[#This Row],[סטטוס2]]) -> פנויה | L51: פנויה | N51: גמר מלא סטנדרט | O51: יש תוכניות ובחירת גמר עפ"י שיחה עם אלון | P51: יש בחירות ותוכניות
A52: =_xlfn.CONCAT(VLOOKUP(Check[[#This Row],[סטטוס]],Sold,2,FALSE),IF(Check[[#This Row],[סטטוס]]="פנויה",IF(N52="גמר מלא סטנדרט",".GMS",IF(N52="גמר מלא טיוב חומרים",".GMC",IF(N52="גמר מינימלי",".GM",IF(N52="דירת שיווק",".DS","")))),""),".",VLOOKUP(Check[[#This Row],[טיפוס]],Tipus[],5,FALSE),".",VLOOKUP(Check[[#This Row],[מגדל]],Tower,2,FALSE),".Ap.",Check[[#This Row],[מספר דירה]]) -> O.S.4B.TS.Ap.50 | B52: =_xlfn.CONCAT(VLOOKUP(Check[[#This Row],[סטטוס]],Sold,2,FALSE),IF(Check[[#This Row],[סטטוס]]="פנויה",IF(N52="גמר מלא סטנדרט",".GMS",IF(N52="גמר מלא טיוב חומרים",".GMC",IF(N52="גמר מינימלי",".GM",IF(N52="דירת שיווק",".DS","")))),""),IF(M52="זומן לטרום",".ZLT",IF(M52="טרום מסירה",".TM",IF(M52="טרום מסירה מהנדס",".TMM",IF(M52="מסירת חזקה",".MH",IF(M52="מסירת חזקה מהנדס",".MHM",""))))),".",VLOOKUP(Check[[#This Row],[טיפוס]],Tipus[],5,FALSE),".",VLOOKUP(Check[[#This Row],[מגדל]],Tower,2,FALSE),".Ap.",Check[[#This Row],[מספר דירה]]) -> O.S.4B.TS.Ap.50 | C52: דרומי | D52: 6 | E52: 50 | F52: 610 | G52: 4B | H52: =VLOOKUP(Check[[#This Row],[טיפוס]],Tipus[],2,FALSE) -> 4 | I52: =VLOOKUP(Check[[#This Row],[טיפוס]],Tipus[],3,FALSE) -> סטנדרט | J52: =VLOOKUP(Check[[#This Row],[טיפוס]],Tipus[],4,FALSE) -> H | K52: =IF(Check[[#This Row],[סטטוס2]]="הולד","פנויה",Check[[#This Row],[סטטוס2]]) -> בעלים | L52: בעלים | S52: 44040 | T52: עזרא כהן פרחיה, רחל לילי כהן פרחיה | U52: 5033 | W52: 5-27
A53: =_xlfn.CONCAT(VLOOKUP(Check[[#This Row],[סטטוס]],Sold,2,FALSE),IF(Check[[#This Row],[סטטוס]]="פנויה",IF(N53="גמר מלא סטנדרט",".GMS",IF(N53="גמר מלא טיוב חומרים",".GMC",IF(N53="גמר מינימלי",".GM",IF(N53="דירת שיווק",".DS","")))),""),".",VLOOKUP(Check[[#This Row],[טיפוס]],Tipus[],5,FALSE),".",VLOOKUP(Check[[#This Row],[מגדל]],Tower,2,FALSE),".Ap.",Check[[#This Row],[מספר דירה]]) -> S.S.2A.TS.Ap.51 | B53: =_xlfn.CONCAT(VLOOKUP(Check[[#This Row],[סטטוס]],Sold,2,FALSE),IF(Check[[#This Row],[סטטוס]]="פנויה",IF(N53="גמר מלא סטנדרט",".GMS",IF(N53="גמר מלא טיוב חומרים",".GMC",IF(N53="גמר מינימלי",".GM",IF(N53="דירת שיווק",".DS","")))),""),IF(M53="זומן לטרום",".ZLT",IF(M53="טרום מסירה",".TM",IF(M53="טרום מסירה מהנדס",".TMM",IF(M53="מסירת חזקה",".MH",IF(M53="מסירת חזקה מהנדס",".MHM",""))))),".",VLOOKUP(Check[[#This Row],[טיפוס]],Tipus[],5,FALSE),".",VLOOKUP(Check[[#This Row],[מגדל]],Tower,2,FALSE),".Ap.",Check[[#This Row],[מספר דירה]]) -> S.ZLT.S.2A.TS.Ap.51 | C53: דרומי | D53: 7 | E53: 51 | F53: 701 | G53: 2A | H53: =VLOOKUP(Check[[#This Row],[טיפוס]],Tipus[],2,FALSE) -> 2 | I53: =VLOOKUP(Check[[#This Row],[טיפוס]],Tipus[],3,FALSE) -> סטנדרט | J53: =VLOOKUP(Check[[#This Row],[טיפוס]],Tipus[],4,FALSE) -> G | K53: =IF(Check[[#This Row],[סטטוס2]]="הולד","פנויה",Check[[#This Row],[סטטוס2]]) -> מכורה | L53: מכורה | M53: זומן לטרום | S53: 44544 | T53: אורי עוז יוספן
A54: =_xlfn.CONCAT(VLOOKUP(Check[[#This Row],[סטטוס]],Sold,2,FALSE),IF(Check[[#This Row],[סטטוס]]="פנויה",IF(N54="גמר מלא סטנדרט",".GMS",IF(N54="גמר מלא טיוב חומרים",".GMC",IF(N54="גמר מינימלי",".GM",IF(N54="דירת שיווק",".DS","")))),""),".",VLOOKUP(Check[[#This Row],[טיפוס]],Tipus[],5,FALSE),".",VLOOKUP(Check[[#This Row],[מגדל]],Tower,2,FALSE),".Ap.",Check[[#This Row],[מספר דירה]]) -> S.S.2B.TS.Ap.52 | B54: =_xlfn.CONCAT(VLOOKUP(Check[[#This Row],[סטטוס]],Sold,2,FALSE),IF(Check[[#This Row],[סטטוס]]="פנויה",IF(N54="גמר מלא סטנדרט",".GMS",IF(N54="גמר מלא טיוב חומרים",".GMC",IF(N54="גמר מינימלי",".GM",IF(N54="דירת שיווק",".DS","")))),""),IF(M54="זומן לטרום",".ZLT",IF(M54="טרום מסירה",".TM",IF(M54="טרום מסירה מהנדס",".TMM",IF(M54="מסירת חזקה",".MH",IF(M54="מסירת חזקה מהנדס",".MHM",""))))),".",VLOOKUP(Check[[#This Row],[טיפוס]],Tipus[],5,FALSE),".",VLOOKUP(Check[[#This Row],[מגדל]],Tower,2,FALSE),".Ap.",Check[[#This Row],[מספר דירה]]) -> S.ZLT.S.2B.TS.Ap.52 | C54: דרומי | D54: 7 | E54: 52 | F54: 702 | G54: 2B | H54: =VLOOKUP(Check[[#This Row],[טיפוס]],Tipus[],2,FALSE) -> 2 | I54: =VLOOKUP(Check[[#This Row],[טיפוס]],Tipus[],3,FALSE) -> סטנדרט | J54: =VLOOKUP(Check[[#This Row],[טיפוס]],Tipus[],4,FALSE) -> F | K54: =IF(Check[[#This Row],[סטטוס2]]="הולד","פנויה",Check[[#This Row],[סטטוס2]]) -> מכורה | L54: מכורה | M54: זומן לטרום | S54: 44762 | T54: תומר קוקו השקעות בע"מ
A55: =_xlfn.CONCAT(VLOOKUP(Check[[#This Row],[סטטוס]],Sold,2,FALSE),IF(Check[[#This Row],[סטטוס]]="פנויה",IF(N55="גמר מלא סטנדרט",".GMS",IF(N55="גמר מלא טיוב חומרים",".GMC",IF(N55="גמר מינימלי",".GM",IF(N55="דירת שיווק",".DS","")))),""),".",VLOOKUP(Check[[#This Row],[טיפוס]],Tipus[],5,FALSE),".",VLOOKUP(Check[[#This Row],[מגדל]],Tower,2,FALSE),".Ap.",Check[[#This Row],[מספר דירה]]) -> S.S.2C.TS.Ap.53 | B55: =_xlfn.CONCAT(VLOOKUP(Check[[#This Row],[סטטוס]],Sold,2,FALSE),IF(Check[[#This Row],[סטטוס]]="פנויה",IF(N55="גמר מלא סטנדרט",".GMS",IF(N55="גמר מלא טיוב חומרים",".GMC",IF(N55="גמר מינימלי",".GM",IF(N55="דירת שיווק",".DS","")))),""),IF(M55="זומן לטרום",".ZLT",IF(M55="טרום מסירה",".TM",IF(M55="טרום מסירה מהנדס",".TMM",IF(M55="מסירת חזקה",".MH",IF(M55="מסירת חזקה מהנדס",".MHM",""))))),".",VLOOKUP(Check[[#This Row],[טיפוס]],Tipus[],5,FALSE),".",VLOOKUP(Check[[#This Row],[מגדל]],Tower,2,FALSE),".Ap.",Check[[#This Row],[מספר דירה]]) -> S.TM.S.2C.TS.Ap.53 | C55: דרומי | D55: 7 | E55: 53 | F55: 703 | G55: 2C | H55: =VLOOKUP(Check[[#This Row],[טיפוס]],Tipus[],2,FALSE) -> 2 | I55: =VLOOKUP(Check[[#This Row],[טיפוס]],Tipus[],3,FALSE) -> סטנדרט | J55: =VLOOKUP(Check[[#This Row],[טיפוס]],Tipus[],4,FALSE) -> E | K55: =IF(Check[[#This Row],[סטטוס2]]="הולד","פנויה",Check[[#This Row],[סטטוס2]]) -> מכורה | L55: מכורה | M55: טרום מסירה | S55: 45288 | T55: שפירא ערן
A56: =_xlfn.CONCAT(VLOOKUP(Check[[#This Row],[סטטוס]],Sold,2,FALSE),IF(Check[[#This Row],[סטטוס]]="פנויה",IF(N56="גמר מלא סטנדרט",".GMS",IF(N56="גמר מלא טיוב חומרים",".GMC",IF(N56="גמר מינימלי",".GM",IF(N56="דירת שיווק",".DS","")))),""),".",VLOOKUP(Check[[#This Row],[טיפוס]],Tipus[],5,FALSE),".",VLOOKUP(Check[[#This Row],[מגדל]],Tower,2,FALSE),".Ap.",Check[[#This Row],[מספר דירה]]) -> O.S.3A.TS.Ap.54 | B56: =_xlfn.CONCAT(VLOOKUP(Check[[#This Row],[סטטוס]],Sold,2,FALSE),IF(Check[[#This Row],[סטטוס]]="פנויה",IF(N56="גמר מלא סטנדרט",".GMS",IF(N56="גמר מלא טיוב חומרים",".GMC",IF(N56="גמר מינימלי",".GM",IF(N56="דירת שיווק",".DS","")))),""),IF(M56="זומן לטרום",".ZLT",IF(M56="טרום מסירה",".TM",IF(M56="טרום מסירה מהנדס",".TMM",IF(M56="מסירת חזקה",".MH",IF(M56="מסירת חזקה מהנדס",".MHM",""))))),".",VLOOKUP(Check[[#This Row],[טיפוס]],Tipus[],5,FALSE),".",VLOOKUP(Check[[#This Row],[מגדל]],Tower,2,FALSE),".Ap.",Check[[#This Row],[מספר דירה]]) -> O.S.3A.TS.Ap.54 | C56: דרומי | D56: 7 | E56: 54 | F56: 704 | G56: 3A | H56: =VLOOKUP(Check[[#This Row],[טיפוס]],Tipus[],2,FALSE) -> 3 | I56: =VLOOKUP(Check[[#This Row],[טיפוס]],Tipus[],3,FALSE) -> סטנדרט | J56: =VLOOKUP(Check[[#This Row],[טיפוס]],Tipus[],4,FALSE) -> D | K56: =IF(Check[[#This Row],[סטטוס2]]="הולד","פנויה",Check[[#This Row],[סטטוס2]]) -> בעלים | L56: בעלים | S56: 44040 | T56: איינסז ג'הנגיר | U56: 3212
A57: =_xlfn.CONCAT(VLOOKUP(Check[[#This Row],[סטטוס]],Sold,2,FALSE),IF(Check[[#This Row],[סטטוס]]="פנויה",IF(N57="גמר מלא סטנדרט",".GMS",IF(N57="גמר מלא טיוב חומרים",".GMC",IF(N57="גמר מינימלי",".GM",IF(N57="דירת שיווק",".DS","")))),""),".",VLOOKUP(Check[[#This Row],[טיפוס]],Tipus[],5,FALSE),".",VLOOKUP(Check[[#This Row],[מגדל]],Tower,2,FALSE),".Ap.",Check[[#This Row],[מספר דירה]]) -> S.S.2D.TS.Ap.55 | B57: =_xlfn.CONCAT(VLOOKUP(Check[[#This Row],[סטטוס]],Sold,2,FALSE),IF(Check[[#This Row],[סטטוס]]="פנויה",IF(N57="גמר מלא סטנדרט",".GMS",IF(N57="גמר מלא טיוב חומרים",".GMC",IF(N57="גמר מינימלי",".GM",IF(N57="דירת שיווק",".DS","")))),""),IF(M57="זומן לטרום",".ZLT",IF(M57="טרום מסירה",".TM",IF(M57="טרום מסירה מהנדס",".TMM",IF(M57="מסירת חזקה",".MH",IF(M57="מסירת חזקה מהנדס",".MHM",""))))),".",VLOOKUP(Check[[#This Row],[טיפוס]],Tipus[],5,FALSE),".",VLOOKUP(Check[[#This Row],[מגדל]],Tower,2,FALSE),".Ap.",Check[[#This Row],[מספר דירה]]) -> S.TM.S.2D.TS.Ap.55 | C57: דרומי | D57: 7 | E57: 55 | F57: 705 | G57: 2D | H57: =VLOOKUP(Check[[#This Row],[טיפוס]],Tipus[],2,FALSE) -> 2 | I57: =VLOOKUP(Check[[#This Row],[טיפוס]],Tipus[],3,FALSE) -> סטנדרט | J57: =VLOOKUP(Check[[#This Row],[טיפוס]],Tipus[],4,FALSE) -> C | K57: =IF(Check[[#This Row],[סטטוס2]]="הולד","פנויה",Check[[#This Row],[סטטוס2]]) -> מכורה | L57: מכורה | M57: טרום מסירה | S57: 44518 | T57: מיכאל יוהן, דן בוקובזה
A58: =_xlfn.CONCAT(VLOOKUP(Check[[#This Row],[סטטוס]],Sold,2,FALSE),IF(Check[[#This Row],[סטטוס]]="פנויה",IF(N58="גמר מלא סטנדרט",".GMS",IF(N58="גמר מלא טיוב חומרים",".GMC",IF(N58="גמר מינימלי",".GM",IF(N58="דירת שיווק",".DS","")))),""),".",VLOOKUP(Check[[#This Row],[טיפוס]],Tipus[],5,FALSE),".",VLOOKUP(Check[[#This Row],[מגדל]],Tower,2,FALSE),".Ap.",Check[[#This Row],[מספר דירה]]) -> S.S.2E.TS.Ap.56 | B58: =_xlfn.CONCAT(VLOOKUP(Check[[#This Row],[סטטוס]],Sold,2,FALSE),IF(Check[[#This Row],[סטטוס]]="פנויה",IF(N58="גמר מלא סטנדרט",".GMS",IF(N58="גמר מלא טיוב חומרים",".GMC",IF(N58="גמר מינימלי",".GM",IF(N58="דירת שיווק",".DS","")))),""),IF(M58="זומן לטרום",".ZLT",IF(M58="טרום מסירה",".TM",IF(M58="טרום מסירה מהנדס",".TMM",IF(M58="מסירת חזקה",".MH",IF(M58="מסירת חזקה מהנדס",".MHM",""))))),".",VLOOKUP(Check[[#This Row],[טיפוס]],Tipus[],5,FALSE),".",VLOOKUP(Check[[#This Row],[מגדל]],Tower,2,FALSE),".Ap.",Check[[#This Row],[מספר דירה]]) -> S.TM.S.2E.TS.Ap.56 | C58: דרומי | D58: 7 | E58: 56 | F58: 706 | G58: 2E | H58: =VLOOKUP(Check[[#This Row],[טיפוס]],Tipus[],2,FALSE) -> 2 | I58: =VLOOKUP(Check[[#This Row],[טיפוס]],Tipus[],3,FALSE) -> סטנדרט | J58: =VLOOKUP(Check[[#This Row],[טיפוס]],Tipus[],4,FALSE) -> B | K58: =IF(Check[[#This Row],[סטטוס2]]="הולד","פנויה",Check[[#This Row],[סטטוס2]]) -> מכורה | L58: מכורה | M58: טרום מסירה | S58: 44766 | T58: עידן שפרלינג ברקוביץ', רוזה שפרלינג ברקוביץ'
A59: =_xlfn.CONCAT(VLOOKUP(Check[[#This Row],[סטטוס]],Sold,2,FALSE),IF(Check[[#This Row],[סטטוס]]="פנויה",IF(N59="גמר מלא סטנדרט",".GMS",IF(N59="גמר מלא טיוב חומרים",".GMC",IF(N59="גמר מינימלי",".GM",IF(N59="דירת שיווק",".DS","")))),""),".",VLOOKUP(Check[[#This Row],[טיפוס]],Tipus[],5,FALSE),".",VLOOKUP(Check[[#This Row],[מגדל]],Tower,2,FALSE),".Ap.",Check[[#This Row],[מספר דירה]]) -> S.S.2F.TS.Ap.57 | B59: =_xlfn.CONCAT(VLOOKUP(Check[[#This Row],[סטטוס]],Sold,2,FALSE),IF(Check[[#This Row],[סטטוס]]="פנויה",IF(N59="גמר מלא סטנדרט",".GMS",IF(N59="גמר מלא טיוב חומרים",".GMC",IF(N59="גמר מינימלי",".GM",IF(N59="דירת שיווק",".DS","")))),""),IF(M59="זומן לטרום",".ZLT",IF(M59="טרום מסירה",".TM",IF(M59="טרום מסירה מהנדס",".TMM",IF(M59="מסירת חזקה",".MH",IF(M59="מסירת חזקה מהנדס",".MHM",""))))),".",VLOOKUP(Check[[#This Row],[טיפוס]],Tipus[],5,FALSE),".",VLOOKUP(Check[[#This Row],[מגדל]],Tower,2,FALSE),".Ap.",Check[[#This Row],[מספר דירה]]) -> S.S.2F.TS.Ap.57 | C59: דרומי | D59: 7 | E59: 57 | F59: 707 | G59: 2F | H59: =VLOOKUP(Check[[#This Row],[טיפוס]],Tipus[],2,FALSE) -> 2 | I59: =VLOOKUP(Check[[#This Row],[טיפוס]],Tipus[],3,FALSE) -> סטנדרט | J59: =VLOOKUP(Check[[#This Row],[טיפוס]],Tipus[],4,FALSE) -> A | K59: =IF(Check[[#This Row],[סטטוס2]]="הולד","פנויה",Check[[#This Row],[סטטוס2]]) -> מכורה | L59: מכורה | S59: 44598 | T59: אופיר בר נוי בע"מ
A60: =_xlfn.CONCAT(VLOOKUP(Check[[#This Row],[סטטוס]],Sold,2,FALSE),IF(Check[[#This Row],[סטטוס]]="פנויה",IF(N60="גמר מלא סטנדרט",".GMS",IF(N60="גמר מלא טיוב חומרים",".GMC",IF(N60="גמר מינימלי",".GM",IF(N60="דירת שיווק",".DS","")))),""),".",VLOOKUP(Check[[#This Row],[טיפוס]],Tipus[],5,FALSE),".",VLOOKUP(Check[[#This Row],[מגדל]],Tower,2,FALSE),".Ap.",Check[[#This Row],[מספר דירה]]) -> V.GMS.S.4A.TS.Ap.58 | B60: =_xlfn.CONCAT(VLOOKUP(Check[[#This Row],[סטטוס]],Sold,2,FALSE),IF(Check[[#This Row],[סטטוס]]="פנויה",IF(N60="גמר מלא סטנדרט",".GMS",IF(N60="גמר מלא טיוב חומרים",".GMC",IF(N60="גמר מינימלי",".GM",IF(N60="דירת שיווק",".DS","")))),""),IF(M60="זומן לטרום",".ZLT",IF(M60="טרום מסירה",".TM",IF(M60="טרום מסירה מהנדס",".TMM",IF(M60="מסירת חזקה",".MH",IF(M60="מסירת חזקה מהנדס",".MHM",""))))),".",VLOOKUP(Check[[#This Row],[טיפוס]],Tipus[],5,FALSE),".",VLOOKUP(Check[[#This Row],[מגדל]],Tower,2,FALSE),".Ap.",Check[[#This Row],[מספר דירה]]) -> V.GMS.S.4A.TS.Ap.58 | C60: דרומי | D60: 7 | E60: 58 | F60: 708 | G60: 4A | H60: =VLOOKUP(Check[[#This Row],[טיפוס]],Tipus[],2,FALSE) -> 4 | I60: =VLOOKUP(Check[[#This Row],[טיפוס]],Tipus[],3,FALSE) -> סטנדרט | J60: =VLOOKUP(Check[[#This Row],[טיפוס]],Tipus[],4,FALSE) -> J | K60: =IF(Check[[#This Row],[סטטוס2]]="הולד","פנויה",Check[[#This Row],[סטטוס2]]) -> פנויה | L60: פנויה | N60: גמר מלא סטנדרט | O60: יש תוכניות ובחירת גמר עפ"י שיחה עם אלון | P60: יש בחירות ותוכניות
A61: =_xlfn.CONCAT(VLOOKUP(Check[[#This Row],[סטטוס]],Sold,2,FALSE),IF(Check[[#This Row],[סטטוס]]="פנויה",IF(N61="גמר מלא סטנדרט",".GMS",IF(N61="גמר מלא טיוב חומרים",".GMC",IF(N61="גמר מינימלי",".GM",IF(N61="דירת שיווק",".DS","")))),""),".",VLOOKUP(Check[[#This Row],[טיפוס]],Tipus[],5,FALSE),".",VLOOKUP(Check[[#This Row],[מגדל]],Tower,2,FALSE),".Ap.",Check[[#This Row],[מספר דירה]]) -> V.GMS.S.2G.TS.Ap.59 | B61: =_xlfn.CONCAT(VLOOKUP(Check[[#This Row],[סטטוס]],Sold,2,FALSE),IF(Check[[#This Row],[סטטוס]]="פנויה",IF(N61="גמר מלא סטנדרט",".GMS",IF(N61="גמר מלא טיוב חומרים",".GMC",IF(N61="גמר מינימלי",".GM",IF(N61="דירת שיווק",".DS","")))),""),IF(M61="זומן לטרום",".ZLT",IF(M61="טרום מסירה",".TM",IF(M61="טרום מסירה מהנדס",".TMM",IF(M61="מסירת חזקה",".MH",IF(M61="מסירת חזקה מהנדס",".MHM",""))))),".",VLOOKUP(Check[[#This Row],[טיפוס]],Tipus[],5,FALSE),".",VLOOKUP(Check[[#This Row],[מגדל]],Tower,2,FALSE),".Ap.",Check[[#This Row],[מספר דירה]]) -> V.GMS.S.2G.TS.Ap.59 | C61: דרומי | D61: 7 | E61: 59 | F61: 709 | G61: 2G | H61: =VLOOKUP(Check[[#This Row],[טיפוס]],Tipus[],2,FALSE) -> 2 | I61: =VLOOKUP(Check[[#This Row],[טיפוס]],Tipus[],3,FALSE) -> סטנדרט | J61: =VLOOKUP(Check[[#This Row],[טיפוס]],Tipus[],4,FALSE) -> I | K61: =IF(Check[[#This Row],[סטטוס2]]="הולד","פנויה",Check[[#This Row],[סטטוס2]]) -> פנויה | L61: פנויה | N61: גמר מלא סטנדרט | O61: יש תוכניות ובחירת גמר עפ"י שיחה עם אלון | P61: יש בחירות ותוכניות
A62: =_xlfn.CONCAT(VLOOKUP(Check[[#This Row],[סטטוס]],Sold,2,FALSE),IF(Check[[#This Row],[סטטוס]]="פנויה",IF(N62="גמר מלא סטנדרט",".GMS",IF(N62="גמר מלא טיוב חומרים",".GMC",IF(N62="גמר מינימלי",".GM",IF(N62="דירת שיווק",".DS","")))),""),".",VLOOKUP(Check[[#This Row],[טיפוס]],Tipus[],5,FALSE),".",VLOOKUP(Check[[#This Row],[מגדל]],Tower,2,FALSE),".Ap.",Check[[#This Row],[מספר דירה]]) -> V.GMS.S.4B.TS.Ap.60 | B62: =_xlfn.CONCAT(VLOOKUP(Check[[#This Row],[סטטוס]],Sold,2,FALSE),IF(Check[[#This Row],[סטטוס]]="פנויה",IF(N62="גמר מלא סטנדרט",".GMS",IF(N62="גמר מלא טיוב חומרים",".GMC",IF(N62="גמר מינימלי",".GM",IF(N62="דירת שיווק",".DS","")))),""),IF(M62="זומן לטרום",".ZLT",IF(M62="טרום מסירה",".TM",IF(M62="טרום מסירה מהנדס",".TMM",IF(M62="מסירת חזקה",".MH",IF(M62="מסירת חזקה מהנדס",".MHM",""))))),".",VLOOKUP(Check[[#This Row],[טיפוס]],Tipus[],5,FALSE),".",VLOOKUP(Check[[#This Row],[מגדל]],Tower,2,FALSE),".Ap.",Check[[#This Row],[מספר דירה]]) -> V.GMS.S.4B.TS.Ap.60 | C62: דרומי | D62: 7 | E62: 60 | F62: 710 | G62: 4B | H62: =VLOOKUP(Check[[#This Row],[טיפוס]],Tipus[],2,FALSE) -> 4 | I62: =VLOOKUP(Check[[#This Row],[טיפוס]],Tipus[],3,FALSE) -> סטנדרט | J62: =VLOOKUP(Check[[#This Row],[טיפוס]],Tipus[],4,FALSE) -> H | K62: =IF(Check[[#This Row],[סטטוס2]]="הולד","פנויה",Check[[#This Row],[סטטוס2]]) -> פנויה | L62: פנויה | N62: גמר מלא סטנדרט | O62: יש תוכניות ובחירת גמר עפ"י שיחה עם אלון | P62: יש בחירות ותוכניות
A63: =_xlfn.CONCAT(VLOOKUP(Check[[#This Row],[סטטוס]],Sold,2,FALSE),IF(Check[[#This Row],[סטטוס]]="פנויה",IF(N63="גמר מלא סטנדרט",".GMS",IF(N63="גמר מלא טיוב חומרים",".GMC",IF(N63="גמר מינימלי",".GM",IF(N63="דירת שיווק",".DS","")))),""),".",VLOOKUP(Check[[#This Row],[טיפוס]],Tipus[],5,FALSE),".",VLOOKUP(Check[[#This Row],[מגדל]],Tower,2,FALSE),".Ap.",Check[[#This Row],[מספר דירה]]) -> V.GMS.S.2A.TS.Ap.61 | B63: =_xlfn.CONCAT(VLOOKUP(Check[[#This Row],[סטטוס]],Sold,2,FALSE),IF(Check[[#This Row],[סטטוס]]="פנויה",IF(N63="גמר מלא סטנדרט",".GMS",IF(N63="גמר מלא טיוב חומרים",".GMC",IF(N63="גמר מינימלי",".GM",IF(N63="דירת שיווק",".DS","")))),""),IF(M63="זומן לטרום",".ZLT",IF(M63="טרום מסירה",".TM",IF(M63="טרום מסירה מהנדס",".TMM",IF(M63="מסירת חזקה",".MH",IF(M63="מסירת חזקה מהנדס",".MHM",""))))),".",VLOOKUP(Check[[#This Row],[טיפוס]],Tipus[],5,FALSE),".",VLOOKUP(Check[[#This Row],[מגדל]],Tower,2,FALSE),".Ap.",Check[[#This Row],[מספר דירה]]) -> V.GMS.S.2A.TS.Ap.61 | C63: דרומי | D63: 8 | E63: 61 | F63: 801 | G63: 2A | H63: =VLOOKUP(Check[[#This Row],[טיפוס]],Tipus[],2,FALSE) -> 2 | I63: =VLOOKUP(Check[[#This Row],[טיפוס]],Tipus[],3,FALSE) -> סטנדרט | J63: =VLOOKUP(Check[[#This Row],[טיפוס]],Tipus[],4,FALSE) -> G | K63: =IF(Check[[#This Row],[סטטוס2]]="הולד","פנויה",Check[[#This Row],[סטטוס2]]) -> פנויה | L63: פנויה | N63: גמר מלא סטנדרט | O63: יש תוכניות ובחירת גמר עפ"י שיחה עם אלון | P63: יש בחירות ותוכניות
A64: =_xlfn.CONCAT(VLOOKUP(Check[[#This Row],[סטטוס]],Sold,2,FALSE),IF(Check[[#This Row],[סטטוס]]="פנויה",IF(N64="גמר מלא סטנדרט",".GMS",IF(N64="גמר מלא טיוב חומרים",".GMC",IF(N64="גמר מינימלי",".GM",IF(N64="דירת שיווק",".DS","")))),""),".",VLOOKUP(Check[[#This Row],[טיפוס]],Tipus[],5,FALSE),".",VLOOKUP(Check[[#This Row],[מגדל]],Tower,2,FALSE),".Ap.",Check[[#This Row],[מספר דירה]]) -> S.S.2B.TS.Ap.62 | B64: =_xlfn.CONCAT(VLOOKUP(Check[[#This Row],[סטטוס]],Sold,2,FALSE),IF(Check[[#This Row],[סטטוס]]="פנויה",IF(N64="גמר מלא סטנדרט",".GMS",IF(N64="גמר מלא טיוב חומרים",".GMC",IF(N64="גמר מינימלי",".GM",IF(N64="דירת שיווק",".DS","")))),""),IF(M64="זומן לטרום",".ZLT",IF(M64="טרום מסירה",".TM",IF(M64="טרום מסירה מהנדס",".TMM",IF(M64="מסירת חזקה",".MH",IF(M64="מסירת חזקה מהנדס",".MHM",""))))),".",VLOOKUP(Check[[#This Row],[טיפוס]],Tipus[],5,FALSE),".",VLOOKUP(Check[[#This Row],[מגדל]],Tower,2,FALSE),".Ap.",Check[[#This Row],[מספר דירה]]) -> S.ZLT.S.2B.TS.Ap.62 | C64: דרומי | D64: 8 | E64: 62 | F64: 802 | G64: 2B | H64: =VLOOKUP(Check[[#This Row],[טיפוס]],Tipus[],2,FALSE) -> 2 | I64: =VLOOKUP(Check[[#This Row],[טיפוס]],Tipus[],3,FALSE) -> סטנדרט | J64: =VLOOKUP(Check[[#This Row],[טיפוס]],Tipus[],4,FALSE) -> F | K64: =IF(Check[[#This Row],[סטטוס2]]="הולד","פנויה",Check[[#This Row],[סטטוס2]]) -> מכורה | L64: מכורה | M64: זומן לטרום | S64: 44762 | T64: א.ש. נכסים רחובות בע"מ
A65: =_xlfn.CONCAT(VLOOKUP(Check[[#This Row],[סטטוס]],Sold,2,FALSE),IF(Check[[#This Row],[סטטוס]]="פנויה",IF(N65="גמר מלא סטנדרט",".GMS",IF(N65="גמר מלא טיוב חומרים",".GMC",IF(N65="גמר מינימלי",".GM",IF(N65="דירת שיווק",".DS","")))),""),".",VLOOKUP(Check[[#This Row],[טיפוס]],Tipus[],5,FALSE),".",VLOOKUP(Check[[#This Row],[מגדל]],Tower,2,FALSE),".Ap.",Check[[#This Row],[מספר דירה]]) -> S.S.2C.TS.Ap.63 | B65: =_xlfn.CONCAT(VLOOKUP(Check[[#This Row],[סטטוס]],Sold,2,FALSE),IF(Check[[#This Row],[סטטוס]]="פנויה",IF(N65="גמר מלא סטנדרט",".GMS",IF(N65="גמר מלא טיוב חומרים",".GMC",IF(N65="גמר מינימלי",".GM",IF(N65="דירת שיווק",".DS","")))),""),IF(M65="זומן לטרום",".ZLT",IF(M65="טרום מסירה",".TM",IF(M65="טרום מסירה מהנדס",".TMM",IF(M65="מסירת חזקה",".MH",IF(M65="מסירת חזקה מהנדס",".MHM",""))))),".",VLOOKUP(Check[[#This Row],[טיפוס]],Tipus[],5,FALSE),".",VLOOKUP(Check[[#This Row],[מגדל]],Tower,2,FALSE),".Ap.",Check[[#This Row],[מספר דירה]]) -> S.TM.S.2C.TS.Ap.63 | C65: דרומי | D65: 8 | E65: 63 | F65: 803 | G65: 2C | H65: =VLOOKUP(Check[[#This Row],[טיפוס]],Tipus[],2,FALSE) -> 2 | I65: =VLOOKUP(Check[[#This Row],[טיפוס]],Tipus[],3,FALSE) -> סטנדרט | J65: =VLOOKUP(Check[[#This Row],[טיפוס]],Tipus[],4,FALSE) -> E | K65: =IF(Check[[#This Row],[סטטוס2]]="הולד","פנויה",Check[[#This Row],[סטטוס2]]) -> מכורה | L65: מכורה | M65: טרום מסירה | S65: 44825 | T65: לידר קרינר
A66: =_xlfn.CONCAT(VLOOKUP(Check[[#This Row],[סטטוס]],Sold,2,FALSE),IF(Check[[#This Row],[סטטוס]]="פנויה",IF(N66="גמר מלא סטנדרט",".GMS",IF(N66="גמר מלא טיוב חומרים",".GMC",IF(N66="גמר מינימלי",".GM",IF(N66="דירת שיווק",".DS","")))),""),".",VLOOKUP(Check[[#This Row],[טיפוס]],Tipus[],5,FALSE),".",VLOOKUP(Check[[#This Row],[מגדל]],Tower,2,FALSE),".Ap.",Check[[#This Row],[מספר דירה]]) -> O.S.3A.TS.Ap.64 | B66: =_xlfn.CONCAT(VLOOKUP(Check[[#This Row],[סטטוס]],Sold,2,FALSE),IF(Check[[#This Row],[סטטוס]]="פנויה",IF(N66="גמר מלא סטנדרט",".GMS",IF(N66="גמר מלא טיוב חומרים",".GMC",IF(N66="גמר מינימלי",".GM",IF(N66="דירת שיווק",".DS","")))),""),IF(M66="זומן לטרום",".ZLT",IF(M66="טרום מסירה",".TM",IF(M66="טרום מסירה מהנדס",".TMM",IF(M66="מסירת חזקה",".MH",IF(M66="מסירת חזקה מהנדס",".MHM",""))))),".",VLOOKUP(Check[[#This Row],[טיפוס]],Tipus[],5,FALSE),".",VLOOKUP(Check[[#This Row],[מגדל]],Tower,2,FALSE),".Ap.",Check[[#This Row],[מספר דירה]]) -> O.TM.S.3A.TS.Ap.64 | C66: דרומי | D66: 8 | E66: 64 | F66: 804 | G66: 3A | H66: =VLOOKUP(Check[[#This Row],[טיפוס]],Tipus[],2,FALSE) -> 3 | I66: =VLOOKUP(Check[[#This Row],[טיפוס]],Tipus[],3,FALSE) -> סטנדרט | J66: =VLOOKUP(Check[[#This Row],[טיפוס]],Tipus[],4,FALSE) -> D | K66: =IF(Check[[#This Row],[סטטוס2]]="הולד","פנויה",Check[[#This Row],[סטטוס2]]) -> בעלים | L66: בעלים | M66: טרום מסירה | S66: 44040 | T66: גרציה קשתי | U66: 3211 | W66: 4-37
A67: =_xlfn.CONCAT(VLOOKUP(Check[[#This Row],[סטטוס]],Sold,2,FALSE),IF(Check[[#This Row],[סטטוס]]="פנויה",IF(N67="גמר מלא סטנדרט",".GMS",IF(N67="גמר מלא טיוב חומרים",".GMC",IF(N67="גמר מינימלי",".GM",IF(N67="דירת שיווק",".DS","")))),""),".",VLOOKUP(Check[[#This Row],[טיפוס]],Tipus[],5,FALSE),".",VLOOKUP(Check[[#This Row],[מגדל]],Tower,2,FALSE),".Ap.",Check[[#This Row],[מספר דירה]]) -> O.S.2D.TS.Ap.65 | B67: =_xlfn.CONCAT(VLOOKUP(Check[[#This Row],[סטטוס]],Sold,2,FALSE),IF(Check[[#This Row],[סטטוס]]="פנויה",IF(N67="גמר מלא סטנדרט",".GMS",IF(N67="גמר מלא טיוב חומרים",".GMC",IF(N67="גמר מינימלי",".GM",IF(N67="דירת שיווק",".DS","")))),""),IF(M67="זומן לטרום",".ZLT",IF(M67="טרום מסירה",".TM",IF(M67="טרום מסירה מהנדס",".TMM",IF(M67="מסירת חזקה",".MH",IF(M67="מסירת חזקה מהנדס",".MHM",""))))),".",VLOOKUP(Check[[#This Row],[טיפוס]],Tipus[],5,FALSE),".",VLOOKUP(Check[[#This Row],[מגדל]],Tower,2,FALSE),".Ap.",Check[[#This Row],[מספר דירה]]) -> O.TM.S.2D.TS.Ap.65 | C67: דרומי | D67: 8 | E67: 65 | F67: 805 | G67: 2D | H67: =VLOOKUP(Check[[#This Row],[טיפוס]],Tipus[],2,FALSE) -> 2 | I67: =VLOOKUP(Check[[#This Row],[טיפוס]],Tipus[],3,FALSE) -> סטנדרט | J67: =VLOOKUP(Check[[#This Row],[טיפוס]],Tipus[],4,FALSE) -> C | K67: =IF(Check[[#This Row],[סטטוס2]]="הולד","פנויה",Check[[#This Row],[סטטוס2]]) -> בעלים | L67: בעלים | M67: טרום מסירה | S67: 44040 | T67: גרציה קשתי | U67: 5211
A68: =_xlfn.CONCAT(VLOOKUP(Check[[#This Row],[סטטוס]],Sold,2,FALSE),IF(Check[[#This Row],[סטטוס]]="פנויה",IF(N68="גמר מלא סטנדרט",".GMS",IF(N68="גמר מלא טיוב חומרים",".GMC",IF(N68="גמר מינימלי",".GM",IF(N68="דירת שיווק",".DS","")))),""),".",VLOOKUP(Check[[#This Row],[טיפוס]],Tipus[],5,FALSE),".",VLOOKUP(Check[[#This Row],[מגדל]],Tower,2,FALSE),".Ap.",Check[[#This Row],[מספר דירה]]) -> S.S.2E.TS.Ap.66 | B68: =_xlfn.CONCAT(VLOOKUP(Check[[#This Row],[סטטוס]],Sold,2,FALSE),IF(Check[[#This Row],[סטטוס]]="פנויה",IF(N68="גמר מלא סטנדרט",".GMS",IF(N68="גמר מלא טיוב חומרים",".GMC",IF(N68="גמר מינימלי",".GM",IF(N68="דירת שיווק",".DS","")))),""),IF(M68="זומן לטרום",".ZLT",IF(M68="טרום מסירה",".TM",IF(M68="טרום מסירה מהנדס",".TMM",IF(M68="מסירת חזקה",".MH",IF(M68="מסירת חזקה מהנדס",".MHM",""))))),".",VLOOKUP(Check[[#This Row],[טיפוס]],Tipus[],5,FALSE),".",VLOOKUP(Check[[#This Row],[מגדל]],Tower,2,FALSE),".Ap.",Check[[#This Row],[מספר דירה]]) -> S.TM.S.2E.TS.Ap.66 | C68: דרומי | D68: 8 | E68: 66 | F68: 806 | G68: 2E | H68: =VLOOKUP(Check[[#This Row],[טיפוס]],Tipus[],2,FALSE) -> 2 | I68: =VLOOKUP(Check[[#This Row],[טיפוס]],Tipus[],3,FALSE) -> סטנדרט | J68: =VLOOKUP(Check[[#This Row],[טיפוס]],Tipus[],4,FALSE) -> B | K68: =IF(Check[[#This Row],[סטטוס2]]="הולד","פנויה",Check[[#This Row],[סטטוס2]]) -> מכורה | L68: מכורה | M68: טרום מסירה | S68: 44935 | T68: רויטל רובינשטין ארגוב
A69: =_xlfn.CONCAT(VLOOKUP(Check[[#This Row],[סטטוס]],Sold,2,FALSE),IF(Check[[#This Row],[סטטוס]]="פנויה",IF(N69="גמר מלא סטנדרט",".GMS",IF(N69="גמר מלא טיוב חומרים",".GMC",IF(N69="גמר מינימלי",".GM",IF(N69="דירת שיווק",".DS","")))),""),".",VLOOKUP(Check[[#This Row],[טיפוס]],Tipus[],5,FALSE),".",VLOOKUP(Check[[#This Row],[מגדל]],Tower,2,FALSE),".Ap.",Check[[#This Row],[מספר דירה]]) -> O.S.2F.TS.Ap.67 | B69: =_xlfn.CONCAT(VLOOKUP(Check[[#This Row],[סטטוס]],Sold,2,FALSE),IF(Check[[#This Row],[סטטוס]]="פנויה",IF(N69="גמר מלא סטנדרט",".GMS",IF(N69="גמר מלא טיוב חומרים",".GMC",IF(N69="גמר מינימלי",".GM",IF(N69="דירת שיווק",".DS","")))),""),IF(M69="זומן לטרום",".ZLT",IF(M69="טרום מסירה",".TM",IF(M69="טרום מסירה מהנדס",".TMM",IF(M69="מסירת חזקה",".MH",IF(M69="מסירת חזקה מהנדס",".MHM",""))))),".",VLOOKUP(Check[[#This Row],[טיפוס]],Tipus[],5,FALSE),".",VLOOKUP(Check[[#This Row],[מגדל]],Tower,2,FALSE),".Ap.",Check[[#This Row],[מספר דירה]]) -> O.S.2F.TS.Ap.67 | C69: דרומי | D69: 8 | E69: 67 | F69: 807 | G69: 2F | H69: =VLOOKUP(Check[[#This Row],[טיפוס]],Tipus[],2,FALSE) -> 2 | I69: =VLOOKUP(Check[[#This Row],[טיפוס]],Tipus[],3,FALSE) -> סטנדרט | J69: =VLOOKUP(Check[[#This Row],[טיפוס]],Tipus[],4,FALSE) -> A | K69: =IF(Check[[#This Row],[סטטוס2]]="הולד","פנויה",Check[[#This Row],[סטטוס2]]) -> בעלים | L69: בעלים | S69: 44040 | T69: ישפה נדל"ן בע"מ | U69: 4213
A70: =_xlfn.CONCAT(VLOOKUP(Check[[#This Row],[סטטוס]],Sold,2,FALSE),IF(Check[[#This Row],[סטטוס]]="פנויה",IF(N70="גמר מלא סטנדרט",".GMS",IF(N70="גמר מלא טיוב חומרים",".GMC",IF(N70="גמר מינימלי",".GM",IF(N70="דירת שיווק",".DS","")))),""),".",VLOOKUP(Check[[#This Row],[טיפוס]],Tipus[],5,FALSE),".",VLOOKUP(Check[[#This Row],[מגדל]],Tower,2,FALSE),".Ap.",Check[[#This Row],[מספר דירה]]) -> O.S.4A.TS.Ap.68 | B70: =_xlfn.CONCAT(VLOOKUP(Check[[#This Row],[סטטוס]],Sold,2,FALSE),IF(Check[[#This Row],[סטטוס]]="פנויה",IF(N70="גמר מלא סטנדרט",".GMS",IF(N70="גמר מלא טיוב חומרים",".GMC",IF(N70="גמר מינימלי",".GM",IF(N70="דירת שיווק",".DS","")))),""),IF(M70="זומן לטרום",".ZLT",IF(M70="טרום מסירה",".TM",IF(M70="טרום מסירה מהנדס",".TMM",IF(M70="מסירת חזקה",".MH",IF(M70="מסירת חזקה מהנדס",".MHM",""))))),".",VLOOKUP(Check[[#This Row],[טיפוס]],Tipus[],5,FALSE),".",VLOOKUP(Check[[#This Row],[מגדל]],Tower,2,FALSE),".Ap.",Check[[#This Row],[מספר דירה]]) -> O.TM.S.4A.TS.Ap.68 | C70: דרומי | D70: 8 | E70: 68 | F70: 808 | G70: 4A | H70: =VLOOKUP(Check[[#This Row],[טיפוס]],Tipus[],2,FALSE) -> 4 | I70: =VLOOKUP(Check[[#This Row],[טיפוס]],Tipus[],3,FALSE) -> סטנדרט | J70: =VLOOKUP(Check[[#This Row],[טיפוס]],Tipus[],4,FALSE) -> J | K70: =IF(Check[[#This Row],[סטטוס2]]="הולד","פנויה",Check[[#This Row],[סטטוס2]]) -> בעלים | L70: בעלים | M70: טרום מסירה | S70: 44040 | T70: סער אלדד | U70: 5031 | W70: 4-37
A71: =_xlfn.CONCAT(VLOOKUP(Check[[#This Row],[סטטוס]],Sold,2,FALSE),IF(Check[[#This Row],[סטטוס]]="פנויה",IF(N71="גמר מלא סטנדרט",".GMS",IF(N71="גמר מלא טיוב חומרים",".GMC",IF(N71="גמר מינימלי",".GM",IF(N71="דירת שיווק",".DS","")))),""),".",VLOOKUP(Check[[#This Row],[טיפוס]],Tipus[],5,FALSE),".",VLOOKUP(Check[[#This Row],[מגדל]],Tower,2,FALSE),".Ap.",Check[[#This Row],[מספר דירה]]) -> V.GMS.S.2G.TS.Ap.69 | B71: =_xlfn.CONCAT(VLOOKUP(Check[[#This Row],[סטטוס]],Sold,2,FALSE),IF(Check[[#This Row],[סטטוס]]="פנויה",IF(N71="גמר מלא סטנדרט",".GMS",IF(N71="גמר מלא טיוב חומרים",".GMC",IF(N71="גמר מינימלי",".GM",IF(N71="דירת שיווק",".DS","")))),""),IF(M71="זומן לטרום",".ZLT",IF(M71="טרום מסירה",".TM",IF(M71="טרום מסירה מהנדס",".TMM",IF(M71="מסירת חזקה",".MH",IF(M71="מסירת חזקה מהנדס",".MHM",""))))),".",VLOOKUP(Check[[#This Row],[טיפוס]],Tipus[],5,FALSE),".",VLOOKUP(Check[[#This Row],[מגדל]],Tower,2,FALSE),".Ap.",Check[[#This Row],[מספר דירה]]) -> V.GMS.S.2G.TS.Ap.69 | C71: דרומי | D71: 8 | E71: 69 | F71: 809 | G71: 2G | H71: =VLOOKUP(Check[[#This Row],[טיפוס]],Tipus[],2,FALSE) -> 2 | I71: =VLOOKUP(Check[[#This Row],[טיפוס]],Tipus[],3,FALSE) -> סטנדרט | J71: =VLOOKUP(Check[[#This Row],[טיפוס]],Tipus[],4,FALSE) -> I | K71: =IF(Check[[#This Row],[סטטוס2]]="הולד","פנויה",Check[[#This Row],[סטטוס2]]) -> פנויה | L71: פנויה | N71: גמר מלא סטנדרט | O71: יש תוכניות ובחירת גמר עפ"י שיחה עם אלון | P71: יש בחירות ותוכניות
A72: =_xlfn.CONCAT(VLOOKUP(Check[[#This Row],[סטטוס]],Sold,2,FALSE),IF(Check[[#This Row],[סטטוס]]="פנויה",IF(N72="גמר מלא סטנדרט",".GMS",IF(N72="גמר מלא טיוב חומרים",".GMC",IF(N72="גמר מינימלי",".GM",IF(N72="דירת שיווק",".DS","")))),""),".",VLOOKUP(Check[[#This Row],[טיפוס]],Tipus[],5,FALSE),".",VLOOKUP(Check[[#This Row],[מגדל]],Tower,2,FALSE),".Ap.",Check[[#This Row],[מספר דירה]]) -> V.GMS.S.4B.TS.Ap.70 | B72: =_xlfn.CONCAT(VLOOKUP(Check[[#This Row],[סטטוס]],Sold,2,FALSE),IF(Check[[#This Row],[סטטוס]]="פנויה",IF(N72="גמר מלא סטנדרט",".GMS",IF(N72="גמר מלא טיוב חומרים",".GMC",IF(N72="גמר מינימלי",".GM",IF(N72="דירת שיווק",".DS","")))),""),IF(M72="זומן לטרום",".ZLT",IF(M72="טרום מסירה",".TM",IF(M72="טרום מסירה מהנדס",".TMM",IF(M72="מסירת חזקה",".MH",IF(M72="מסירת חזקה מהנדס",".MHM",""))))),".",VLOOKUP(Check[[#This Row],[טיפוס]],Tipus[],5,FALSE),".",VLOOKUP(Check[[#This Row],[מגדל]],Tower,2,FALSE),".Ap.",Check[[#This Row],[מספר דירה]]) -> V.GMS.S.4B.TS.Ap.70 | C72: דרומי | D72: 8 | E72: 70 | F72: 810 | G72: 4B | H72: =VLOOKUP(Check[[#This Row],[טיפוס]],Tipus[],2,FALSE) -> 4 | I72: =VLOOKUP(Check[[#This Row],[טיפוס]],Tipus[],3,FALSE) -> סטנדרט | J72: =VLOOKUP(Check[[#This Row],[טיפוס]],Tipus[],4,FALSE) -> H | K72: =IF(Check[[#This Row],[סטטוס2]]="הולד","פנויה",Check[[#This Row],[סטטוס2]]) -> פנויה | L72: פנויה | N72: גמר מלא סטנדרט | O72: יש תוכניות ובחירת גמר עפ"י שיחה עם אלון | P72: יש בחירות ותוכניות
A73: =_xlfn.CONCAT(VLOOKUP(Check[[#This Row],[סטטוס]],Sold,2,FALSE),IF(Check[[#This Row],[סטטוס]]="פנויה",IF(N73="גמר מלא סטנדרט",".GMS",IF(N73="גמר מלא טיוב חומרים",".GMC",IF(N73="גמר מינימלי",".GM",IF(N73="דירת שיווק",".DS","")))),""),".",VLOOKUP(Check[[#This Row],[טיפוס]],Tipus[],5,FALSE),".",VLOOKUP(Check[[#This Row],[מגדל]],Tower,2,FALSE),".Ap.",Check[[#This Row],[מספר דירה]]) -> S.S.2A.TS.Ap.71 | B73: =_xlfn.CONCAT(VLOOKUP(Check[[#This Row],[סטטוס]],Sold,2,FALSE),IF(Check[[#This Row],[סטטוס]]="פנויה",IF(N73="גמר מלא סטנדרט",".GMS",IF(N73="גמר מלא טיוב חומרים",".GMC",IF(N73="גמר מינימלי",".GM",IF(N73="דירת שיווק",".DS","")))),""),IF(M73="זומן לטרום",".ZLT",IF(M73="טרום מסירה",".TM",IF(M73="טרום מסירה מהנדס",".TMM",IF(M73="מסירת חזקה",".MH",IF(M73="מסירת חזקה מהנדס",".MHM",""))))),".",VLOOKUP(Check[[#This Row],[טיפוס]],Tipus[],5,FALSE),".",VLOOKUP(Check[[#This Row],[מגדל]],Tower,2,FALSE),".Ap.",Check[[#This Row],[מספר דירה]]) -> S.S.2A.TS.Ap.71 | C73: דרומי | D73: 9 | E73: 71 | F73: 901 | G73: 2A | H73: =VLOOKUP(Check[[#This Row],[טיפוס]],Tipus[],2,FALSE) -> 2 | I73: =VLOOKUP(Check[[#This Row],[טיפוס]],Tipus[],3,FALSE) -> סטנדרט | J73: =VLOOKUP(Check[[#This Row],[טיפוס]],Tipus[],4,FALSE) -> G | K73: =IF(Check[[#This Row],[סטטוס2]]="הולד","פנויה",Check[[#This Row],[סטטוס2]]) -> מכורה | L73: מכורה | S73: 44893 | T73: לוריא לוין בניה ויזמות בע"מ | U73: 4220
A74: =_xlfn.CONCAT(VLOOKUP(Check[[#This Row],[סטטוס]],Sold,2,FALSE),IF(Check[[#This Row],[סטטוס]]="פנויה",IF(N74="גמר מלא סטנדרט",".GMS",IF(N74="גמר מלא טיוב חומרים",".GMC",IF(N74="גמר מינימלי",".GM",IF(N74="דירת שיווק",".DS","")))),""),".",VLOOKUP(Check[[#This Row],[טיפוס]],Tipus[],5,FALSE),".",VLOOKUP(Check[[#This Row],[מגדל]],Tower,2,FALSE),".Ap.",Check[[#This Row],[מספר דירה]]) -> S.S.2B.TS.Ap.72 | B74: =_xlfn.CONCAT(VLOOKUP(Check[[#This Row],[סטטוס]],Sold,2,FALSE),IF(Check[[#This Row],[סטטוס]]="פנויה",IF(N74="גמר מלא סטנדרט",".GMS",IF(N74="גמר מלא טיוב חומרים",".GMC",IF(N74="גמר מינימלי",".GM",IF(N74="דירת שיווק",".DS","")))),""),IF(M74="זומן לטרום",".ZLT",IF(M74="טרום מסירה",".TM",IF(M74="טרום מסירה מהנדס",".TMM",IF(M74="מסירת חזקה",".MH",IF(M74="מסירת חזקה מהנדס",".MHM",""))))),".",VLOOKUP(Check[[#This Row],[טיפוס]],Tipus[],5,FALSE),".",VLOOKUP(Check[[#This Row],[מגדל]],Tower,2,FALSE),".Ap.",Check[[#This Row],[מספר דירה]]) -> S.ZLT.S.2B.TS.Ap.72 | C74: דרומי | D74: 9 | E74: 72 | F74: 902 | G74: 2B | H74: =VLOOKUP(Check[[#This Row],[טיפוס]],Tipus[],2,FALSE) -> 2 | I74: =VLOOKUP(Check[[#This Row],[טיפוס]],Tipus[],3,FALSE) -> סטנדרט | J74: =VLOOKUP(Check[[#This Row],[טיפוס]],Tipus[],4,FALSE) -> F | K74: =IF(Check[[#This Row],[סטטוס2]]="הולד","פנויה",Check[[#This Row],[סטטוס2]]) -> מכורה | L74: מכורה | M74: זומן לטרום | S74: 44762 | T74: תומר קוקו השקעות בע"מ
A75: =_xlfn.CONCAT(VLOOKUP(Check[[#This Row],[סטטוס]],Sold,2,FALSE),IF(Check[[#This Row],[סטטוס]]="פנויה",IF(N75="גמר מלא סטנדרט",".GMS",IF(N75="גמר מלא טיוב חומרים",".GMC",IF(N75="גמר מינימלי",".GM",IF(N75="דירת שיווק",".DS","")))),""),".",VLOOKUP(Check[[#This Row],[טיפוס]],Tipus[],5,FALSE),".",VLOOKUP(Check[[#This Row],[מגדל]],Tower,2,FALSE),".Ap.",Check[[#This Row],[מספר דירה]]) -> S.S.2C.TS.Ap.73 | B75: =_xlfn.CONCAT(VLOOKUP(Check[[#This Row],[סטטוס]],Sold,2,FALSE),IF(Check[[#This Row],[סטטוס]]="פנויה",IF(N75="גמר מלא סטנדרט",".GMS",IF(N75="גמר מלא טיוב חומרים",".GMC",IF(N75="גמר מינימלי",".GM",IF(N75="דירת שיווק",".DS","")))),""),IF(M75="זומן לטרום",".ZLT",IF(M75="טרום מסירה",".TM",IF(M75="טרום מסירה מהנדס",".TMM",IF(M75="מסירת חזקה",".MH",IF(M75="מסירת חזקה מהנדס",".MHM",""))))),".",VLOOKUP(Check[[#This Row],[טיפוס]],Tipus[],5,FALSE),".",VLOOKUP(Check[[#This Row],[מגדל]],Tower,2,FALSE),".Ap.",Check[[#This Row],[מספר דירה]]) -> S.TM.S.2C.TS.Ap.73 | C75: דרומי | D75: 9 | E75: 73 | F75: 903 | G75: 2C | H75: =VLOOKUP(Check[[#This Row],[טיפוס]],Tipus[],2,FALSE) -> 2 | I75: =VLOOKUP(Check[[#This Row],[טיפוס]],Tipus[],3,FALSE) -> סטנדרט | J75: =VLOOKUP(Check[[#This Row],[טיפוס]],Tipus[],4,FALSE) -> E | K75: =IF(Check[[#This Row],[סטטוס2]]="הולד","פנויה",Check[[#This Row],[סטטוס2]]) -> מכורה | L75: מכורה | M75: טרום מסירה | S75: 44748 | T75: יהודה יונה, שגית יונה
A76: =_xlfn.CONCAT(VLOOKUP(Check[[#This Row],[סטטוס]],Sold,2,FALSE),IF(Check[[#This Row],[סטטוס]]="פנויה",IF(N76="גמר מלא סטנדרט",".GMS",IF(N76="גמר מלא טיוב חומרים",".GMC",IF(N76="גמר מינימלי",".GM",IF(N76="דירת שיווק",".DS","")))),""),".",VLOOKUP(Check[[#This Row],[טיפוס]],Tipus[],5,FALSE),".",VLOOKUP(Check[[#This Row],[מגדל]],Tower,2,FALSE),".Ap.",Check[[#This Row],[מספר דירה]]) -> O.S.3A.TS.Ap.74 | B76: =_xlfn.CONCAT(VLOOKUP(Check[[#This Row],[סטטוס]],Sold,2,FALSE),IF(Check[[#This Row],[סטטוס]]="פנויה",IF(N76="גמר מלא סטנדרט",".GMS",IF(N76="גמר מלא טיוב חומרים",".GMC",IF(N76="גמר מינימלי",".GM",IF(N76="דירת שיווק",".DS","")))),""),IF(M76="זומן לטרום",".ZLT",IF(M76="טרום מסירה",".TM",IF(M76="טרום מסירה מהנדס",".TMM",IF(M76="מסירת חזקה",".MH",IF(M76="מסירת חזקה מהנדס",".MHM",""))))),".",VLOOKUP(Check[[#This Row],[טיפוס]],Tipus[],5,FALSE),".",VLOOKUP(Check[[#This Row],[מגדל]],Tower,2,FALSE),".Ap.",Check[[#This Row],[מספר דירה]]) -> O.S.3A.TS.Ap.74 | C76: דרומי | D76: 9 | E76: 74 | F76: 904 | G76: 3A | H76: =VLOOKUP(Check[[#This Row],[טיפוס]],Tipus[],2,FALSE) -> 3 | I76: =VLOOKUP(Check[[#This Row],[טיפוס]],Tipus[],3,FALSE) -> סטנדרט | J76: =VLOOKUP(Check[[#This Row],[טיפוס]],Tipus[],4,FALSE) -> D | K76: =IF(Check[[#This Row],[סטטוס2]]="הולד","פנויה",Check[[#This Row],[סטטוס2]]) -> בעלים | L76: בעלים | S76: 44040 | T76: מוריס רקח | U76: 3210
A77: =_xlfn.CONCAT(VLOOKUP(Check[[#This Row],[סטטוס]],Sold,2,FALSE),IF(Check[[#This Row],[סטטוס]]="פנויה",IF(N77="גמר מלא סטנדרט",".GMS",IF(N77="גמר מלא טיוב חומרים",".GMC",IF(N77="גמר מינימלי",".GM",IF(N77="דירת שיווק",".DS","")))),""),".",VLOOKUP(Check[[#This Row],[טיפוס]],Tipus[],5,FALSE),".",VLOOKUP(Check[[#This Row],[מגדל]],Tower,2,FALSE),".Ap.",Check[[#This Row],[מספר דירה]]) -> S.S.2D.TS.Ap.75 | B77: =_xlfn.CONCAT(VLOOKUP(Check[[#This Row],[סטטוס]],Sold,2,FALSE),IF(Check[[#This Row],[סטטוס]]="פנויה",IF(N77="גמר מלא סטנדרט",".GMS",IF(N77="גמר מלא טיוב חומרים",".GMC",IF(N77="גמר מינימלי",".GM",IF(N77="דירת שיווק",".DS","")))),""),IF(M77="זומן לטרום",".ZLT",IF(M77="טרום מסירה",".TM",IF(M77="טרום מסירה מהנדס",".TMM",IF(M77="מסירת חזקה",".MH",IF(M77="מסירת חזקה מהנדס",".MHM",""))))),".",VLOOKUP(Check[[#This Row],[טיפוס]],Tipus[],5,FALSE),".",VLOOKUP(Check[[#This Row],[מגדל]],Tower,2,FALSE),".Ap.",Check[[#This Row],[מספר דירה]]) -> S.TM.S.2D.TS.Ap.75 | C77: דרומי | D77: 9 | E77: 75 | F77: 905 | G77: 2D | H77: =VLOOKUP(Check[[#This Row],[טיפוס]],Tipus[],2,FALSE) -> 2 | I77: =VLOOKUP(Check[[#This Row],[טיפוס]],Tipus[],3,FALSE) -> סטנדרט | J77: =VLOOKUP(Check[[#This Row],[טיפוס]],Tipus[],4,FALSE) -> C | K77: =IF(Check[[#This Row],[סטטוס2]]="הולד","פנויה",Check[[#This Row],[סטטוס2]]) -> מכורה | L77: מכורה | M77: טרום מסירה | S77: 44522 | T77: אשר מוחי
A78: =_xlfn.CONCAT(VLOOKUP(Check[[#This Row],[סטטוס]],Sold,2,FALSE),IF(Check[[#This Row],[סטטוס]]="פנויה",IF(N78="גמר מלא סטנדרט",".GMS",IF(N78="גמר מלא טיוב חומרים",".GMC",IF(N78="גמר מינימלי",".GM",IF(N78="דירת שיווק",".DS","")))),""),".",VLOOKUP(Check[[#This Row],[טיפוס]],Tipus[],5,FALSE),".",VLOOKUP(Check[[#This Row],[מגדל]],Tower,2,FALSE),".Ap.",Check[[#This Row],[מספר דירה]]) -> S.S.2E.TS.Ap.76 | B78: =_xlfn.CONCAT(VLOOKUP(Check[[#This Row],[סטטוס]],Sold,2,FALSE),IF(Check[[#This Row],[סטטוס]]="פנויה",IF(N78="גמר מלא סטנדרט",".GMS",IF(N78="גמר מלא טיוב חומרים",".GMC",IF(N78="גמר מינימלי",".GM",IF(N78="דירת שיווק",".DS","")))),""),IF(M78="זומן לטרום",".ZLT",IF(M78="טרום מסירה",".TM",IF(M78="טרום מסירה מהנדס",".TMM",IF(M78="מסירת חזקה",".MH",IF(M78="מסירת חזקה מהנדס",".MHM",""))))),".",VLOOKUP(Check[[#This Row],[טיפוס]],Tipus[],5,FALSE),".",VLOOKUP(Check[[#This Row],[מגדל]],Tower,2,FALSE),".Ap.",Check[[#This Row],[מספר דירה]]) -> S.ZLT.S.2E.TS.Ap.76 | C78: דרומי | D78: 9 | E78: 76 | F78: 906 | G78: 2E | H78: =VLOOKUP(Check[[#This Row],[טיפוס]],Tipus[],2,FALSE) -> 2 | I78: =VLOOKUP(Check[[#This Row],[טיפוס]],Tipus[],3,FALSE) -> סטנדרט | J78: =VLOOKUP(Check[[#This Row],[טיפוס]],Tipus[],4,FALSE) -> B | K78: =IF(Check[[#This Row],[סטטוס2]]="הולד","פנויה",Check[[#This Row],[סטטוס2]]) -> מכורה | L78: מכורה | M78: זומן לטרום | S78: 44521 | T78: תומר קוקו השקעות בע"מ
